section,product_name,category,material,size,price,platform,log_price
COMMON,Channapatna Handcrafted Wooden Peg Dolls Non-Toxic | Open-Ended Play | Montessori Inspired | 2+ Years,Open-ended / Pretend Play / Educational Toys,Natural Wood,Unknown,449,ChannapatnaToys,6.109247583
COMMON,"Wooden Learning Educational Game Board for Kids, Puzzle Toys for 2 Years Old Boys & Girls (Alphabets, Numbers & Shapes)",Educational Toy,Wood,20*20*3,197,Meesho,5.288267031
COMMON,"Kids Set of 3 Brown Wooden Learning Board Alphabets, Numbers & Shapes Puzzle Toys",Educational Toy,Wood,Onesize,1199,Myntra,7.090076836
COMMON,shumee Kids Beige Rocking Horse Activity Toy,Rocking Toy,Wood,Unknown,6999,Myntra,8.853665428
COMMON,Montessori Wooden Peg Toy,Educational Toy,Wood,Unknown,3834,Etsy,8.251924714
COMMON,Shumee Multicolor Wooden Rocking Horse,Rocking Toy,Wood,27 x 12 x 17.5 in,5800,Pepperfry,8.665785595
REMAINING,CHANNAPATNA TOYS Peg Dolls Wooden Essential Workers/Community Helpers Pretend Play Figurines for Kids & Toddlers (2 Years+) - Pack of 6 Professions,Open-ended / Pretend Play / Educational Toys,Natural Wood,Unknown,595,Channapatna Toys,6.390240667
REMAINING,CHANNAPATNA TOYS Peg Dolls Wooden Painted Superheroes Set Pretend Play Figurines -Handmade Play Kit for Kids & Toddlers (2 Years+) - Pack of 5 pcs,Open-ended / Pretend Play / Educational Toys,Natural Wood,Unknown,549,Channapatna Toys,6.309918278
REMAINING,CHANNAPATNA TOYS Wood Peg Dolls Essential Workers Pretend Play Figurines - Colorful Diverse Wooden Toys for Kids & Toddlers (2 Years+) - Pack of 6 pcs,Open-ended / Pretend Play / Educational Toys,Natural Wood,Unknown,559,Channapatna Toys,6.327936784
REMAINING,"CHANNAPATNA TOYS Wooden Family Peg Dolls For Kids Pretend Play, Open Ended Toys, Waldorf Inspired, (2 Years+, 4 Inch Multicolor, Pack Of 4)",Open-ended / Pretend Play / Educational Toys,Natural Wood,Unknown,439,Channapatna Toys,6.086774727
REMAINING,"CHANNAPATNA TOYS Wooden Peg Dolls Indian Family - Non Toxic Colors (2 Years+) - Set of 3 Wooden Dolls | Pretend Play, Open Ended Toys",Open-ended / Pretend Play / Educational Toys,Natural Wood,Unknown,429,Channapatna Toys,6.063785209
REMAINING,Channapatna Handcrafted Wooden Peg Dolls – Traditional Indian Couple (Set of 2) | GI-Tagged Craft | Non-Toxic Colors | 2 Years+,Open-ended / Pretend Play / Educational Toys,Natural Wood,Unknown,449,Channapatna Toys,6.109247583
REMAINING,Channapatna Toys Peg Dolls Wooden Doctors Family Pretend Play Figurines - Colorful Diverse Natural Toys | Organic Handmade Play Kit for Kids&Toddlers,Open-ended / Pretend Play / Educational Toys,Natural Wood,Unknown,449,Channapatna Toys,6.109247583
REMAINING,Channapatna Toys Peg Dolls Wooden Painted Family Pretend Play Figurines - Colorful Diverse Natural Toys | Organic Handmade Play Kit for Kids&Toddlers,Open-ended / Pretend Play / Educational Toys,Natural Wood,Unknown,449,Channapatna Toys,6.109247583
REMAINING,Channapatna Toys Peg Dolls Wooden Painted Family Pretend Play Figurines - Colorful Diverse Natural Toys |Organic Handmade Play Kit for Kids & Toddler,Open-ended / Pretend Play / Educational Toys,Natural Wood,Unknown,499,Channapatna Toys,6.214608098
REMAINING,Channapatna Toys Peg Dolls Wooden Unfinished for DIY Craft Set Unpainted Family Pretend Play Figurines - Colorful Diverse Natural Toys,Open-ended / Pretend Play / Educational Toys,Natural Wood,Unknown,359,Channapatna Toys,5.886104031
REMAINING,"Channapatna Toys Wooden Peg Dolls Family ( 3 Years+) - Pack of 4 | Pretend Play, Open Ended Toys, Waldorf Inspired, Improves Childs Imagination",Open-ended / Pretend Play / Educational Toys,Natural Wood,Unknown,449,Channapatna Toys,6.109247583
REMAINING,"Channapatna Toys Wooden Peg Dolls Family Non Toxic Colors ( 2 Years+) - Set of 4 Wooden Dolls | Pretend Play, Open Ended Toys, Waldorf Inspired",Open-ended / Pretend Play / Educational Toys,Natural Wood,Unknown,449,Channapatna Toys,6.109247583
REMAINING,"Channapatna Toys Wooden Peg Dolls Modern Family Non Toxic Colors ( 2 Years+) - Set of 4 Wooden Dolls | Pretend Play, Open Ended Toys, Waldorf Inspired",Open-ended / Pretend Play / Educational Toys,Natural Wood,Unknown,449,Channapatna Toys,6.109247583
REMAINING,"Channapatna Toys Wooden Peg Dolls Poojari Family Non Toxic Colors ( 2 Years+) - Set of 4 Wooden Dolls | Pretend Play, Open Ended Toys",Open-ended / Pretend Play / Educational Toys,Natural Wood,Unknown,449,Channapatna Toys,6.109247583
REMAINING,"Channapatna Toys Wooden Peg Dolls South Indian Couples Non Toxic Colors ( 2 Years+) - Set of 6 Wooden Dolls | Pretend Play, Open Ended Toys",Open-ended / Pretend Play / Educational Toys,Natural Wood,Unknown,689,Channapatna Toys,6.536691598
REMAINING,Channapatna Wooden Hand-Painted Raja Rani Peg Dolls | Traditional Indian Couple Figurines | Eco-Friendly Decorative Toy Set for Kids & Home Décor,Open-ended / Pretend Play / Educational Toys,Natural Wood,Unknown,499,Channapatna Toys,6.214608098
REMAINING,"Channapatna Wooden Peg Dolls Set of 8 - Handcrafted Multicultural Figurines for Kids, Montessori Educational Toys, Non-Toxic, Made in India",Open-ended / Pretend Play / Educational Toys,Natural Wood,Unknown,1199,Channapatna Toys,7.090076836
REMAINING,"Channapatna Wooden Peg Dolls Set, Doctors Family Figurines, Pretend Play Toys",Open-ended / Pretend Play / Educational Toys,Natural Wood,"Compact and lightweight, these figurines are perfect for travel or playtime on-the-go, fitting easily into small hands.",499,Channapatna Toys,6.214608098
REMAINING,"Channapatna Wooden Space Peg Dolls Set, Astronaut and Alien Figures, Rocket Montessori Educational Toy, Solar System-Themed Toy Set",Open-ended / Pretend Play / Educational Toys,Natural Wood,Unknown,699,Channapatna Toys,6.551080335
REMAINING,"Channapatna toys Wooden Peg Dolls Bengali Couple Non Toxic Colors (2 Years+) - Set of 2 Wooden Dolls | Pretend Play, Open Ended Toys",Open-ended / Pretend Play / Educational Toys,Natural Wood,Unknown,369,Channapatna Toys,5.913503006
REMAINING,"Channapatna toys wooden family peg dolls for kids (2 Years+)- 4-inch Multicolor -pack of 4 - pretend play, open-ended toys, Waldorf inspired",Open-ended / Pretend Play / Educational Toys,Natural Wood,Unknown,419,Channapatna Toys,6.040254711
REMAINING,"Traditional Channapatna Wooden Peg Dolls, Marathi Couple in Traditional Attire, Handcrafted Indian Folk Art",Open-ended / Pretend Play / Educational Toys,Natural Wood,Unknown,429,Channapatna Toys,6.063785209
REMAINING,"Wooden Christmas Peg Doll Figurines Set of 7 – Handcrafted Holiday Decor (Santa, Snowman, Tree, Gingerbread) – Non-Toxic, Eco-Friendly & Home Decor",Open-ended / Pretend Play / Educational Toys,Sustainable Wood,Unknown,999,Channapatna Toys,6.907755279
REMAINING,"Wooden Peg Dolls - Handcrafted DIY Craft Set for Kids | Ideal for Pretend Play, and Montessori Education | 10 Pcs (5 Male & 5 Female) | 9.5 cm New",Open-ended / Pretend Play / Educational Toys,Natural Wood,Unknown,799,Channapatna Toys,6.684611728
REMAINING,MEERAN ART AND CRAFTS CHANNAPATNA Toys Indian Old Traditional Wooden Marriage Tabla Set,Pretend Play / Cultural Toys / Decor,Natural Wood,Unknown,999,Channapatna Toys,6.907755279
REMAINING,4Pcs Christmas Hand Jingle Bells Handheld Sleigh Bells Wooden Handle Bells Rattles Musical Rhythm Percussion Instruments Children Musical Toys,Unknown,Ivory wood (Wrightia tinctoria),Unknown,499,Channapatna Toys,6.214608098
REMAINING,"5-in-1 Wooden Activity Triangle Learning Toy| Learn Alphabets, Time & Movement with Abacus, Drawing Writing Board, Alphabet Blocks, Clock & Gears",Unknown,Unknown,"26 x 26 (cm) Made of Solid wood, non-toxic paints with bright color, sturdy wooden construction, round edges with no sharp, lightweight and harmless, safe for children to play.",2199,Channapatna Toys,7.696212639
REMAINING,"Authentic Channapatna Wooden Baby Rattle Toys set for Infants, New Born Babies (0+Years)-Set of 6 pcs-Discover Sounds, Develops Sensory Skills (Oval)",Unknown,Unknown,Unknown,798,Channapatna Toys,6.683360946
REMAINING,Authentic Channapatna Wooden Baby Rattle Toys – Set of 6 pcs,Unknown,Ivory wood (Wrightia tinctoria),Unknown,798,Channapatna Toys,6.683360946
REMAINING,"Authentic Channapatna Wooden Rattles Toys for Baby, Infants, New Born Babies Toys, Kids (0-12 months) - Set of 7 pcs - Multicolor - Discover Sounds",Unknown,Ivory wood (Wrightia tinctoria),Unknown,847,Channapatna Toys,6.742880636
REMAINING,"Authentic Channapatna wooden baby rattle toys for infants, Ecofriendly baby toys, New born babies (0-12 months) - set of 6 pcs",Unknown,Seasoned Hale Wood & Natural Lacquer.,Unknown,798,Channapatna Toys,6.683360946
REMAINING,CHANNAPATNA Handmade Small Sized Wooden Pots with Home Decorative Wooden Wall Hanging/Display Hut Shape for Home/Kitchen/Office/Bedroom/Living Room,Unknown,Unknown,Unknown,599,Channapatna Toys,6.396929655
REMAINING,"CHANNAPATNA Handmade Wooden Spices Masala Jar, Wooden Container with Lid Cover for Tea Coffee Sugar Jar/Container/Storage Multipurpose",Unknown,Unknown,Unknown,1249,Channapatna Toys,7.13089883
REMAINING,"CHANNAPATNA Montessori Natural Wooden Developmental Toys for Babies Rainbow Stacking Toy, Roly Poly Toy, Spinning Tops - Toddlers 1+ (Set of 3)",Unknown,Unknown,Unknown,1799,Channapatna Toys,7.495541944
REMAINING,CHANNAPATNA TOYS 10 Piece Wooden Wild Animals/Forest Animals/Classic Toy for Pretend Play/Educational Balancing Toy,Unknown,Unknown,Unknown,1499,Channapatna Toys,7.313220387
REMAINING,"CHANNAPATNA TOYS Handcrafted Wooden Keychains Set of 4, Multicolored",Unknown,Unknown,Unknown,499,Channapatna Toys,6.214608098
REMAINING,"CHANNAPATNA TOYS Montessori Learning Wooden Toys | Box 5: 6-9 Months | Early Child Development, Sensory Learning, Develop, Problem/Puzzle Solving",Unknown,Unknown,Unknown,799,Channapatna Toys,6.684611728
REMAINING,"CHANNAPATNA TOYS Montessori Learning Wooden Toys | Box 6: 6-9 Months | Early Child Development, Sensory Learning, Develop, Problem/Puzzle Solving",Unknown,Unknown,Unknown,849,Channapatna Toys,6.745236349
REMAINING,"CHANNAPATNA TOYS Montessori Learning Wooden Toys | Box 7: 6-9 Months | Early Child Development, Sensory Learning, Develop, Problem/Puzzle Solving",Unknown,Unknown,Unknown,1549,Channapatna Toys,7.34601021
REMAINING,"CHANNAPATNA TOYS Montessori Toys for 2 3 Year Old Unisex Toddlers, Wooden Sorting & Stacking Toys Kids Preschool, Educational Puzzle Set",Unknown,Unknown,Unknown,474,Channapatna Toys,6.163314804
REMAINING,CHANNAPATNA TOYS Organic Wooden Ice Cream Stacking Toy for Kids - (1 Year+) - Montessori Toys for Toddlers 1-3 Years Old and Up - Multicolor,Unknown,Unknown,Unknown,649,Channapatna Toys,6.476972363
REMAINING,"CHANNAPATNA TOYS Pull Along Toy Wooden Rabbit & Snail Toy for Toddlers, Kids(1 Year+) with Attached String 3 pcs- Encourage Walking",Unknown,Unknown,Unknown,1349,Channapatna Toys,7.207859871
REMAINING,"CHANNAPATNA TOYS Pull Along Wooden Train & Stacking Toy for 12 Months + Kids, Toddlers, Infant & Preschool Toys - Set of 2 pcs- Multicolor",Unknown,Unknown,Unknown,849,Channapatna Toys,6.745236349
REMAINING,"CHANNAPATNA TOYS Shape Sorting Cube-Classic Montessori Wooden Toy with 15 Shapes-Kids Shape Sorter Toys for Toddlers Ages 2+, 12 Pcs",Unknown,Unknown,Unknown,949,Channapatna Toys,6.856461985
REMAINING,CHANNAPATNA TOYS Unfinished Wood Peg Doll Family Set - 4 Natural Wooden Dolls for DIY Crafts and Pretend Play - Free Colors & Brush for Kids 2+,Unknown,Unknown,Unknown,399,Channapatna Toys,5.991464547
REMAINING,"CHANNAPATNA TOYS Wooden Baby Rattle & 1 Animal Shaker Toys Set for Infants, New Born Babies (0+ Years) - Set of 5 pcs - Multicolor - Discover sounds",Unknown,Unknown,Unknown,847,Channapatna Toys,6.742880636
REMAINING,"CHANNAPATNA TOYS Wooden Bowling Pins Toy & Cup and Ball Game Set for Kids (2 Years+) - Non Toxic Colors, Indoor & Outdoor Game, Fun Learning for Kids",Unknown,Unknown,"5cm (diameter) x 11cm (height), Carefully Handcrafted Pins & Balls 100% Natural Long lasting wood Attractive & Beautiful Perfectly Sized Grooved Bottom for better holding Perfect Toy for Indoor & Outdoor Play",999,Channapatna Toys,6.907755279
REMAINING,CHANNAPATNA TOYS Wooden Christmas Russian Nesting Dolls Set for Kids (2 Years+) - 6 Inch Multicolor - Set of 5 pcs,Unknown,Unknown,Unknown,639,Channapatna Toys,6.461468176
REMAINING,CHANNAPATNA TOYS Wooden Christmas Toys Peg Dolls Family Pretend Play Figurines - Colorful Toys for Kids & Toddlers (2 Years+) - Pack of 5 pcs,Unknown,Unknown,Unknown,569,Channapatna Toys,6.345636361
REMAINING,"CHANNAPATNA TOYS Wooden Colourful Rainbow Roly Poly Toy for Baby, Toddlers, Kids(1 Year+) Wobbling Tumbler Toy- Develops Curiosity & Motor Skills",Unknown,"Made with wood and colored with non toxic paints. No Batteries, No Plastic","9 x 12 cm. Your little one will never tire of this wobbly friend who bounces back no matter what they do! Push, pull or grasp this cute doll, the rounded, weighted bottoms always delightfully spin them back upright for more play time fun",499,Channapatna Toys,6.214608098
REMAINING,"CHANNAPATNA TOYS Wooden Family Peg Dolls Set of 8 – Handcrafted Traditional Indian Family Figures, Montessori Pretend Play Toys for Kids, Non-Toxic",Unknown,Unknown,Unknown,849,Channapatna Toys,6.745236349
REMAINING,CHANNAPATNA TOYS Wooden Indian Flag Russian Nesting Dolls Set for Kids (2 Years+) - 6 Inch Multicolor - Set of 5 pcs - Improves Hand Eye Coordination,Unknown,Made from natural cuts of wood and decorated with safe water-based paints,Unknown,649,Channapatna Toys,6.476972363
REMAINING,CHANNAPATNA TOYS Wooden Indian Pot Lady Doll for Kids (3 Years+) 8 inch Multi Color- Learning The Professions,Unknown,Unknown,Unknown,399,Channapatna Toys,5.991464547
REMAINING,CHANNAPATNA TOYS Wooden Mini Desktop Parent-Child for Kids Fun Bowling Game Toy Set,Unknown,Unknown,Unknown,568,Channapatna Toys,6.343880434
REMAINING,CHANNAPATNA TOYS Wooden Nativity Christmas Russian Nesting Dolls Set for Kids (2 Years+) 6 Inch Multicolor - Set of 5 pcs Improves Fine Motor Skills,Unknown,Unknown,Unknown,549,Channapatna Toys,6.309918278
REMAINING,CHANNAPATNA TOYS Wooden Pen Pencil Stand Holder Toys Office Desktop Table Organizer 5 inch Multi color pack of 3,Unknown,Unknown,Unknown,1199,Channapatna Toys,7.090076836
REMAINING,CHANNAPATNA TOYS Wooden Pen Pencil Stand Holder Toys Office Desktop Table Organizer 5 inch Multi color pack of 4,Unknown,Unknown,Unknown,1399,Channapatna Toys,7.244227516
REMAINING,CHANNAPATNA TOYS Wooden Pen Pencil Stand Holder Toys Office Destop Table Organizer 5 inch Multi color,Unknown,Unknown,Unknown,449,Channapatna Toys,6.109247583
REMAINING,CHANNAPATNA TOYS Wooden Prince & Princess Peg Dolls | Montessori Open-Ended Pretend Play | Traditional Indian Handcrafted Toy (Set of 2),Unknown,Unknown,Unknown,499,Channapatna Toys,6.214608098
REMAINING,CHANNAPATNA TOYS Wooden Rainbow Stacking Toy & Rainbow Roly Poly Toy for Kids 1+ Stacking Blocks Toy - Set of 2,Unknown,Unknown,Unknown,1438,Channapatna Toys,7.271703707
REMAINING,CHANNAPATNA TOYS Wooden Roly Poly Balancing Dolls for Kids (1 Years+) - Set of 2 Pieces - Develops Curiosity & Fine Motor Skills New,Unknown,"Made with wood and colored with non toxic paints. No Batteries, No Plastic","9 x 12 cm & 9 x 18 cm Your little one will never tire of this wobbly friend who bounces back no matter what they do! Push, pull or grasp this cute doll, the rounded, weighted bottoms always delightfully spin them back upright for more play time fun",649,Channapatna Toys,6.476972363
REMAINING,"CHANNAPATNA TOYS Wooden Roly Poly Doll, Tumbler Toy for Kids, Wobbling Doll Game for 3 Months & Above, Montessori Toddler Toys for Baby Boy and Girl",Unknown,"Made with wood and colored with non toxic paints. No Batteries, No Plastic. What is this roly poly toy made of? Our roly poly doll is child-safe, made of sustainable wood with environment-friendly, non-toxic paints.","9 x 12 cm. Your little one will never tire of this wobbly friend who bounces back no matter what they do! Push, pull or grasp this cute doll, the rounded, weighted bottoms always delightfully spin them back upright for more play time fun",799,Channapatna Toys,6.684611728
REMAINING,"CHANNAPATNA TOYS Wooden Snowman Doll Christmas Roly Poly Toy for Baby, Toddlers, Kids(1 Year+) Wobbling Tumbler Toy- Develops Curiosity & Motor Skills",Unknown,"Made with wood and colored with non toxic paints. No Batteries, No Plastic","9 x 12 cm. Your little one will never tire of this wobbly friend who bounces back no matter what they do! Push, pull or grasp this cute doll, the rounded, weighted bottoms always delightfully spin them back upright for more play time fun",849,Channapatna Toys,6.745236349
REMAINING,CHANNAPATNA TOYS Wooden Spinning Tops for Kids (3 Years+) - Set of 4 Pcs (pack of 5)- Multi-Color - Curiosity & Fine Motor Skills,Unknown,Unknown,Unknown,1999,Channapatna Toys,7.60090246
REMAINING,CHANNAPATNA TOYS Wooden Spinning Tops for Kids (3 Years+) - Set of 4 Pcs - Multi-Color - Curiosity & Fine Motor Skills,Unknown,Unknown,Unknown,429,Channapatna Toys,6.063785209
REMAINING,CHANNAPATNA TOYS traditional Push Wagon Baby Walker for Infants and Toddlers to aid Walking Naturally for Baby Boy and Girl | for 8M to 18M Old Baby,Unknown,Unknown,Unknown,2335,Channapatna Toys,7.756195344
REMAINING,CHANNAPATNA Toys Peg Dolls Wooden Doctors Family Pretend Play Figurines - Colorful Organic Toys for Kids & Toddlers (2 Years+) - Pack of 4 pcs,Unknown,Unknown,Unknown,449,Channapatna Toys,6.109247583
REMAINING,"Channapatna Christmas Russian Nesting Dolls, Handcrafted Wooden Santa Design, 5 Pieces | GI and ODOP Certified",Unknown,Unknown,Unknown,699,Channapatna Toys,6.551080335
REMAINING,Channapatna Community Helpers Wooden Peg Dolls – Set of 8 | Handcrafted Eco-Friendly Role Play Toy for Kids,Unknown,Unknown,Unknown,999,Channapatna Toys,6.907755279
REMAINING,"Channapatna Handcrafted Pen Pencil Holder, Red and Yellow with Floral Design, Traditional Indian Wooden Desk Organizer",Unknown,Unknown,Unknown,399,Channapatna Toys,5.991464547
REMAINING,Channapatna Handcrafted Wooden Air India Maharaja Spring Head Doll | GI-Tagged Indian Wooden Toy | Collectible Craft Figurine,Unknown,Wood,Unknown,474,Channapatna Toys,6.163314804
REMAINING,Channapatna Handcrafted Wooden Bobblehead Bird Toy (Set of 2) | Eco-Friendly Decorative & Play Toy,Unknown,Natural Wood,Unknown,499,Channapatna Toys,6.214608098
REMAINING,"Channapatna Handcrafted Wooden Bride and Groom Peg Dolls, Wedding Couple Figurines, Traditional Decorative Set",Unknown,Unknown,"Each wooden doll measures approximately 14 cm in height, perfect for display or as cake toppers",699,Channapatna Toys,6.551080335
REMAINING,"Channapatna Handcrafted Wooden Christmas Decorations Tree Hanging Ornament Bells, Set of 3, Red, Green, Orange",Unknown,Unknown,Unknown,499,Channapatna Toys,6.214608098
REMAINING,"Channapatna Handcrafted Wooden Christmas Ornaments – Gingerbread, Snowman & Tree | Eco-Friendly Holiday Décor | GI-Tagged Indian Handicraft",Unknown,Unknown,Unknown,899,Channapatna Toys,6.802394763
REMAINING,"Channapatna Handcrafted Wooden Couple Dolls | Traditional Craft, Wooden Toy, Handmade, Decorative Figurine, Couple Set",Unknown,Unknown,Unknown,599,Channapatna Toys,6.396929655
REMAINING,Channapatna Handcrafted Wooden Cylinder Grad,Unknown,Unknown,Unknown,13999,Channapatna Toys,9.546812609
REMAINING,Channapatna Handcrafted Wooden Doll | Traditional Indian Folk Art Toy | Eco-Friendly Décor & Gift | by Meeran Art and Crafts,Unknown,Unknown,Unknown,799,Channapatna Toys,6.684611728
REMAINING,"Channapatna Handcrafted Wooden Leprechaun Roly Poly Toy, Traditional Indian Wobble Doll in Green and Orange, Educational Play Tumbler for Children",Unknown,Unknown,Unknown,849,Channapatna Toys,6.745236349
REMAINING,Channapatna Handcrafted Wooden Peg Dolls – Indian Village Couple | GI-Tagged Wooden Toys & ODOP Certified,Unknown,Unknown,Unknown,399,Channapatna Toys,5.991464547
REMAINING,Channapatna Handcrafted Wooden Rocket Toy | Natural Beech Wood | Space-Themed Pretend Play Toy for Kids | ODOP Certified,Unknown,Natural Beech Wood,Unknown,699,Channapatna Toys,6.551080335
REMAINING,Channapatna Handcrafted Wooden Stacker Toy for Kids - (1 Year+) - For Hand-Eye Coordination & Fine Motor Skill Development,Unknown,Unknown,Unknown,499,Channapatna Toys,6.214608098
REMAINING,"Channapatna Handcrafted Wooden Telephone Toy | GI-Tagged & ODOP Certified Traditional Indian Craft | Eco-Friendly Home Décor, Kids Pretend Play Toy",Unknown,Unknown,Unknown,525,Channapatna Toys,6.265301213
REMAINING,Channapatna Handmade Wooden Spinning Tops (Set of 3) – Lattu Spinning Toy – Multicolor | Ages 3+ | Traditional Craft for Curiosity & Fine Motor Skills,Unknown,Unknown,Unknown,459,Channapatna Toys,6.131226489
REMAINING,Channapatna Handpainted Wooden Nutcracker Soldier Christmas Ornament – 27 cm | GI-Tagged Craft | Handcrafted Home Decoration,Unknown,Sustainable wood,Unknown,999,Channapatna Toys,6.907755279
REMAINING,Channapatna Keychains Handcrafted Wooden Whistle Keychains set of 5pcs,Unknown,Unknown,"Measuring around 2-3 inches (5-7.5 cm), they are compact and easy to carry on your keychain.",379,Channapatna Toys,5.940171253
REMAINING,"Channapatna Sustainable Wooden Pull-Along Toy Unicorn for 12 Months & Above Kids, Toddlers, Infant & Preschool Toys - Multicolor - Attached String",Unknown,Unknown,Unknown,599,Channapatna Toys,6.396929655
REMAINING,Channapatna Toys,Unknown,Unknown,Unknown,500,Channapatna Toys,6.216606101
REMAINING,"Channapatna Toys Colorful Wooden Rattles for Baby/Infants Set of 3 pcs- Multicolor (0+ years) - Discover Sounds, Develops Sensory Skills",Unknown,Unknown,Unknown,449,Channapatna Toys,6.109247583
REMAINING,"Channapatna Toys Combo of Bowling Pin, Rainbow Stacker, Spinning Toys, Toy Set for Babies & Toddlers | Birthday Gifts for Kids (Pack of 3, Multicolor)",Unknown,Unknown,Unknown,1999,Channapatna Toys,7.60090246
REMAINING,"Channapatna Toys Early Learning Developmental Toy | Wooden Abacus Educational Toy to Build Math Skills Foundation-Counting, Addition, and Subtraction",Unknown,Unknown,Unknown,535,Channapatna Toys,6.284134161
REMAINING,Channapatna Toys Educational Wooden Blocks Rainbow Stacker Toy for Kids - (1 Year+) - Multicolor - Pack of 7 pcs - Develop Fine Motor Skills,Unknown,Unknown,Unknown,748,Channapatna Toys,6.618738984
REMAINING,Channapatna Toys Hammer Ball Musical Xylophone Musical Toy Wooden Pounding Bench with Box Case Instrument for Kids 2+ Years (Hammer Ball + Xylophone),Unknown,Unknown,Unknown,749,Channapatna Toys,6.620073207
REMAINING,Channapatna Toys Handmade Eco-Friendly Wooden Baby Rattles Non-Toxic Safe Traditional Indian Newborn Toys for Sensory Development,Unknown,Ivory wood (Wrightia tinctoria),Unknown,825,Channapatna Toys,6.716594774
REMAINING,Channapatna Toys Handmade Non toxic Wooden Cooking Set Premium (3 Years+) - multicolor - 16 Pieces Toy Set - Pretend & Play Toy,Unknown,Unknown,Unknown,829,Channapatna Toys,6.721425701
REMAINING,Channapatna Toys Handmade Non toxic Wooden Toys for Kids | 2 Pcs Doll Sharpener | Hand Pencil Sharpener for Kids/Return Gift/School/Home/Office,Unknown,Unknown,Unknown,329,Channapatna Toys,5.799092654
REMAINING,"Channapatna Toys Handmade Non toxic wooden rattle for baby/Infants ( 0+ Years) - set of 3 pcs - multicolor - Discover Sounds, Develops Sensory Skills",Unknown,Unknown,Unknown,439,Channapatna Toys,6.086774727
REMAINING,"Channapatna Toys Handmade Nontoxic Wooden Baby Rattle Toys for infants/newborn babies(0+Year)-Whistle Baby Rattle 2 pc-Discover Sounds,Sensory Skill",Unknown,Unknown,Unknown,389,Channapatna Toys,5.966146739
REMAINING,"Channapatna Toys Handmade Nontoxic Wooden Baby Rattle cum Whistle Toy for infants/newborn babies (0+Years)-Discover Sounds, Develops Sensory Skills",Unknown,Unknown,Unknown,329,Channapatna Toys,5.799092654
REMAINING,"Channapatna Toys Handmade Nontoxic Wooden Rattles Toys for Babies/Infants ( 0+ Years)-set of 3 pcs-multicolor-Discover Sounds, Develops Sensory Skill",Unknown,"100% sustainable wooden toy with non-toxic, water-based dyes ,child safe. No batteries, no plasticn toy rattle provides tactile, sonic and visual stimulation",Unknown,438,Channapatna Toys,6.084499413
REMAINING,Channapatna Toys Handmade Small Sized Wooden Pots with Home Decorative Wooden Wall Hanging /Display Hut Shape for Home/Kitchen/Office/Bedroom/Room,Unknown,Unknown,Unknown,439,Channapatna Toys,6.086774727
REMAINING,"Channapatna Toys Handmade Wooden Rattles for Baby/Infants, new born ( 0+ Years) - set of 3 pcs - multicolor & whistle - Discover Sounds",Unknown,Unknown,Unknown,438,Channapatna Toys,6.084499413
REMAINING,Channapatna Toys Handmade Wooden Spinning Tops Toys Combo (3 Years+) - Combo Set of 2 Pcs - Multicolor - Curiosity & Fine Motor Skills | Pambaram,Unknown,Unknown,Unknown,329,Channapatna Toys,5.799092654
REMAINING,Channapatna Toys Handmade Wooden Spinning Tops Toys Combo (3 Years+) - Combo Set of 3 Pcs - Multicolor - Curiosity & Fine Motor Skills | Pambaram,Unknown,Unknown,Unknown,379,Channapatna Toys,5.940171253
REMAINING,Channapatna Toys Handmade Wooden Spinning Tops Toys Combo (3 Years+) - Combo Set of 7 Pcs - Multicolor | Pambaram | Bongaram | Lattu,Unknown,Unknown,Unknown,699,Channapatna Toys,6.551080335
REMAINING,Channapatna Toys Handmade Wooden Spinning Tops Toys Combo (3 Years+) - Lattu Spinning Toy Wood - Pack of 4 Pcs - Multicolor | Pambaram | Bongaram,Unknown,Unknown,Unknown,498,Channapatna Toys,6.212606096
REMAINING,Channapatna Toys Handmade Wooden Spinning Tops Toys Combo for Kids (3 Years+) - Set of 2 Pcs - Multicolor - Curiosity & Fine Motor Skills | Pambaram,Unknown,Unknown,Unknown,379,Channapatna Toys,5.940171253
REMAINING,Channapatna Toys Handmade Wooden Toys for Kids Handcrafted Wooden Spring Head Adivasi Coup,Unknown,Unknown,Unknown,449,Channapatna Toys,6.109247583
REMAINING,"Channapatna Toys Indian Bride & Groom Wooden Dolls Non Toxic Colors ( 2 Years+) - Set of 2 Wooden Dolls | Pretend Play, Open Ended Toys",Unknown,Unknown,Unknown,749,Channapatna Toys,6.620073207
REMAINING,Channapatna Toys Indian Old Traditional Wooden Marriage Tabla Set / Music Set - Multicolor - Set of 3 pcs,Unknown,Unknown,Unknown,949,Channapatna Toys,6.856461985
REMAINING,"Channapatna Toys Indian Raja & Rani Wooden Dolls Non Toxic Colors ( 2 Years+) - Set of 2 Wooden Dolls | Pretend Play, Open Ended Toys",Unknown,Unknown,Unknown,749,Channapatna Toys,6.620073207
REMAINING,Channapatna Toys Miniature Bowling Ball Game | Desktop Office Indoor Games | Corporate Training and Workshop | Stress Relief for Adults and Kids,Unknown,Unknown,Unknown,648,Channapatna Toys,6.475432717
REMAINING,"Channapatna Toys Miniature Home Decor Musical Instrument Set, Handmade Musician Set Showpiece, Miniature Tabla Sitar Dholak and Harmonium Set, Small",Unknown,Unknown,"With its small dimensions, this musical set is perfect for display on shelves, tabletops, or as part of a curated collection.",599,Channapatna Toys,6.396929655
REMAINING,"Channapatna Toys Montessori Learning Blocks Wooden Toys Box, 6-24 Months, Early Child Development, Sensory Learning, Develop, Problem/Puzzle Solving",Unknown,Unknown,36 x 31 x 16 (cm),1799,Channapatna Toys,7.495541944
REMAINING,"Channapatna Toys Montessori Learning Blocks Wooden Toys Box, 6-24 Months, Early Child Development, Sensory Learning, Develop, Problem/Puzzle Solving",Unknown,Unknown,36 x 31 x 16 (cm),1599,Channapatna Toys,7.377758908
REMAINING,"Channapatna Toys Montessori Toys for 1 2 3 Year Old Boys Girls-Wooden Sorting & Stacking Toys, Hammer Ball for Baby Toddlers, Educational Kids Gifts",Unknown,Unknown,Unknown,999,Channapatna Toys,6.907755279
REMAINING,Channapatna Toys Montessori Wooden Egg and Cup Puzzle for Toddlers 1-3 Years | Handcrafted Natural Wooden Learning Toy | Develop Fine Motor Skills,Unknown,Unknown,Unknown,419,Channapatna Toys,6.040254711
REMAINING,Channapatna Toys Neem Wooden Teethers for babies - brown - pack of 3 pieces,Unknown,Unknown,Unknown,399,Channapatna Toys,5.991464547
REMAINING,"Channapatna Toys Non toxic Wooden Rattles for Baby/Infants ( 0+ Years) - set of 3 pcs - multicolor - Discover Sounds, Develops Sensory Skills",Unknown,Unknown,Unknown,438,Channapatna Toys,6.084499413
REMAINING,Channapatna Toys Organic Wooden Doughnut Stacking Toy for Kids - (1 Year+) - Montessori Wooden Rainbow Stacking Toys for Toddlers,Unknown,Unknown,Unknown,599,Channapatna Toys,6.396929655
REMAINING,"Channapatna Toys Peg Dolls Wedding Guest/Peg Dolls Wooden ( 2Years+) - Pretend Play, Open Ended Toys, Waldorf Inspired, Sustainable, Eco-Friendly",Unknown,Treated and carved by the Soft Ivory wood or called as Alada Mara in Kannada Color : Coated with lacquer which is made from vegetable dyes,Unknown,329,Channapatna Toys,5.799092654
REMAINING,Channapatna Toys Peg Dolls Wooden Doctors Family Pretend Play Figurines - Colorful Diverse Natural Toys for kids (2 Years+) Pack of 4 pcs,Unknown,Unknown,Unknown,449,Channapatna Toys,6.109247583
REMAINING,Channapatna Toys Peg Dolls Wooden Essential Workers Pretend Play Figurines - Colorful Diverse Natural Toys | Organic Handmade Play Kit for Kids,Unknown,Unknown,Unknown,539,Channapatna Toys,6.29156914
REMAINING,Channapatna Toys Peg Dolls Wooden Painted Superheroes Set Pretend Play Figurines - Colorful Diverse Natural Toys | Organic Handmade Play Kit for Kids,Unknown,Unknown,Unknown,479,Channapatna Toys,6.173786104
REMAINING,"Channapatna Toys Premium Beechwood Rattle Toys for Baby/New-Born Infant Kids Set of 5 pcs - Discover Sounds, Natural Wood Color",Unknown,Ivory wood (Wrightia tinctoria),Unknown,999,Channapatna Toys,6.907755279
REMAINING,"Channapatna Toys Premium Pull Along Toy Wooden Bee for 12 Months + Kids, Toddlers, Infant & Preschool Toys - Multicolor - with Attached String",Unknown,Unknown,Unknown,599,Channapatna Toys,6.396929655
REMAINING,"Channapatna Toys Premium Pull Along Toy Wooden Elephant for Toddlers, Infant & Preschool Toys - Multicolor - with Attached String- Encourage Walking",Unknown,Hale wood,Approx. 15 cm (L) x 10 cm (H),489,Channapatna Toys,6.194405391
REMAINING,"Channapatna Toys Premium Pull Along Toy Wooden Ladybird for 12 Months + Kids, Toddlers, Infant & Preschool Toys - Multicolor - with Attached String",Unknown,Unknown,Unknown,599,Channapatna Toys,6.396929655
REMAINING,"Channapatna Toys Premium Pull Along Toy Wooden Turtle for 12 Months + Kids, Toddlers, Infant & Preschool Toys - Multicolor - with Attached String",Unknown,Unknown,Unknown,599,Channapatna Toys,6.396929655
REMAINING,Channapatna Toys Premium Pull Along Toy – Handcrafted Wooden Toy,Unknown,Unknown,Unknown,649,Channapatna Toys,6.476972363
REMAINING,"Channapatna Toys Premium Wooden Baby Toys Combo, 100% Natural Beech Wood Teethers, Montessori, Non-Toxic Rattles, Early Education Skills, Handcrafted",Unknown,Ivory wood (Wrightia tinctoria),Unknown,699,Channapatna Toys,6.551080335
REMAINING,"Channapatna Toys Pull Along Toy Wooden Aero plane & Caterpillar Combo Toys for 1 Year & Above Kids, Toddlers, Infant & Preschool Toys - Set of 2 pcs",Unknown,Unknown,Unknown,598,Channapatna Toys,6.395261598
REMAINING,"Channapatna Toys Pull Along Toy Wooden Aero plane & Racing Car Combo Toys for 1 Year & Above Kids, Toddlers, Infant & Preschool Toys",Unknown,Unknown,Unknown,598,Channapatna Toys,6.395261598
REMAINING,"Channapatna Toys Pull Along Toy Wooden Aero plane & Tractor Engine Combo Toys for 1 Year + Kids, Toddlers, Infant & Preschool Toys - Set of 2 pcs",Unknown,Unknown,Unknown,598,Channapatna Toys,6.395261598
REMAINING,"Channapatna Toys Pull Along Toy Wooden Aero plane, Racing Car & Snail Combo Toys for 1 Year + Kids, Toddlers, Infant & Preschool Toys - Set of 3 pcs",Unknown,Unknown,Unknown,798,Channapatna Toys,6.683360946
REMAINING,"Channapatna Toys Pull Along Toy Wooden Bunny for 12 Months & Above Kids, Toddlers, Infant & Preschool Toys- Natural Wood Color- Pack of 1",Unknown,Unknown,Unknown,399,Channapatna Toys,5.991464547
REMAINING,"Channapatna Toys Pull Along Toy Wooden Caterpillar & Aero plane Combo Toys for 1 Year + Kids,Toddlers,Infant & Preschool Toys-Set of 2 pcs-Multicolor",Unknown,Unknown,Unknown,599,Channapatna Toys,6.396929655
REMAINING,"Channapatna Toys Pull Along Toy Wooden Caterpillar & Race Car Combo Toys 1Year + Kids, Toddlers, Infant & Preschool Toys - Set of 2 pcs- Multicolor",Unknown,Unknown,Unknown,598,Channapatna Toys,6.395261598
REMAINING,"Channapatna Toys Pull Along Toy Wooden Caterpillar for 1 Year + Kids, Toddlers, Infant & Preschool Toys - Multicolor-with Attached String- Encourage",Unknown,Unknown,Unknown,398,Channapatna Toys,5.988961417
REMAINING,"Channapatna Toys Pull Along Toy Wooden Drumming Bunny for 12 Months & Above Kids, Toddlers, Infant & Preschool Toys",Unknown,Unknown,Unknown,549,Channapatna Toys,6.309918278
REMAINING,"Channapatna Toys Pull Along Toy Wooden Tractor & Aero plane Combo Toys for 1 Year & Above Kids, Toddlers, Infant & Preschool Toys - Set of 2 pcs",Unknown,Unknown,Unknown,659,Channapatna Toys,6.492239835
REMAINING,"Channapatna Toys Pull Along Toy Wooden Tractor & Caterpillar Combo Toys for 1 Year + Kids, Toddlers, Infant & Preschool Toys - Set of 2 pc-Multicolor",Unknown,Unknown,Unknown,698,Channapatna Toys,6.549650742
REMAINING,"Channapatna Toys Pull Along Toy Wooden Tractor & Caterpillar Combo Toys for 1 Year + Kids, Toddlers, Infant & Preschool Toys - Set of 2 pcs",Unknown,Unknown,Unknown,598,Channapatna Toys,6.395261598
REMAINING,"Channapatna Toys Pull Along Toy Wooden Train & Caterpillar for 1 Year & Above Kids, Toddlers, Infant & Preschool Toys - Set of 2 pcs- Multicolor",Unknown,Unknown,Unknown,699,Channapatna Toys,6.551080335
REMAINING,"Channapatna Toys Pull Along Toy Wooden Train & Snail Toys for 1 Year + Kids, Toddlers, Infant & Preschool Toys - Set of 2 pcs- Multicolor",Unknown,Unknown,Unknown,849,Channapatna Toys,6.745236349
REMAINING,"Channapatna Toys Pull Along Toy Wooden Train & Tractor for 12 Months & Above Kids, Toddlers, Infant & Preschool Toys - Set of 2 pcs- Multicolor",Unknown,Unknown,Unknown,729,Channapatna Toys,6.593044534
REMAINING,"Channapatna Toys Pull Along Toy Wooden Train Set with Animals Peg Dolls for Kids, Toddlers, Infant & Preschool Toys - with Attached String",Unknown,Made in India from wood using non-toxic lead free paints thus making it durable and safe for your child.,Each compartment is 13 cm x 8 cm x 6.5 cm.,1199,Channapatna Toys,7.090076836
REMAINING,"Channapatna Toys Pull Along Toy Wooden Train for 12 Months & Above Kids, Toddlers, Infant & Preschool Toys - Multicolor - with Attached String",Unknown,Unknown,Unknown,479,Channapatna Toys,6.173786104
REMAINING,"Channapatna Toys Pull Along Toys Wooden Train & Aeroplane for 1 Year + Kids, Toddlers, Infant & Preschool Toys - Set of 2 pcs- Multicolor",Unknown,Unknown,Unknown,699,Channapatna Toys,6.551080335
REMAINING,"Channapatna Toys Push & Pull Along Toy Wooden Tractor with Trolley for 12 Months & Above Kids, Toddlers, Infant & Preschool Toys - Multicolor",Unknown,Treated and carved by the Soft Ivory wood or called as Alada Mara in Kannada Color : Coated with lacquer which is made from vegetable dyes,Unknown,749,Channapatna Toys,6.620073207
REMAINING,"Channapatna Toys Push & Pull Toys Wooden Scooter & Racing Car for Toddlers, Kids, Infants Preschool Toys ( 1 Year+) - Develop Hand Eye Coordination",Unknown,Unknown,Unknown,1098,Channapatna Toys,7.002155954
REMAINING,Channapatna Toys Push Pull Along Toy Wooden Bus for Kids ( 1 Year+) - Develops Hand Eye Coordination & Gross Motor Skills,Unknown,Unknown,Unknown,579,Channapatna Toys,6.363028104
REMAINING,"Channapatna Toys Traditional Indian Toy Set Raja & Rani Wooden Dolls Non Toxic Colors ( 2 Years+) - Set of 2 Dolls | Pretend Play, Open Ended Toys",Unknown,Unknown,Unknown,699,Channapatna Toys,6.551080335
REMAINING,Channapatna Toys Traditional Wooden Cooking Set/Kitchen play set (3 Years+) - Multicolor - 9 Pieces Toy Set - Pretend & Play Toy | Wooden Kitchen Set,Unknown,Unknown,Unknown,429,Channapatna Toys,6.063785209
REMAINING,"Channapatna Toys Traditional Wooden Cooking/Kitchen Play Set Premium (3Years+)-multicolor-16 Pieces Toy Set-Pretend & Play Toys,Improves Coordination",Unknown,Unknown,Unknown,829,Channapatna Toys,6.721425701
REMAINING,"Channapatna Toys Traditional Wooden Cooking/Kitchen Play Set Premium (3Years+)-multicolor-17 Pieces Toy Set-Pretend & Play Toys, Improves Coordination",Unknown,Unknown,Unknown,1099,Channapatna Toys,7.003065459
REMAINING,"Channapatna Toys Traditional Wooden Cooking/Kitchen Toys Play Set for Kids, Girls (3 Years+) - Multicolor - 9 Pieces Toy Set - Pretend & Play Toy",Unknown,Wood; Color: Natural Wood,Unknown,429,Channapatna Toys,6.063785209
REMAINING,"Channapatna Toys Traditional Wooden Cooking/Kitchen toy play set for kids, girls & boys (2 Years+)-multicolor-16 Pieces Toy Set-Pretend & Play Toy",Unknown,Unknown,Unknown,829,Channapatna Toys,6.721425701
REMAINING,"Channapatna Toys Traditional Wooden Cooking/Kitchen toy playset for kids, girls & boys ( 2 Years+)-14 Pieces Toy Set - Multicolor-Pretend & Play Toy",Unknown,"Wooden, MULTI Colour, Kitchen play set for girls",Unknown,649,Channapatna Toys,6.476972363
REMAINING,"Channapatna Toys Traditional Wooden Cooking/Kitchen toy playset for kids, girls & boys ( 2 Years+)-16 Pieces Toy Set - Multicolor-Pretend & Play Toy,",Unknown,"Wooden, MULTI Colour, Kitchen play set for girls",Unknown,709,Channapatna Toys,6.56526497
REMAINING,Channapatna Toys Unpainted Wooden Russian Nesting Dolls/Stacking Toy for Kids ( 2 Years+) - Set of 5 pcs - 6 Inch Wood Color- Develop Problem Solving,Unknown,Unknown,Unknown,479,Channapatna Toys,6.173786104
REMAINING,Channapatna Toys Walk-A-Long Pull Along Toy Wooden Bullock Cart for 12 Months & Above Kids,Unknown,Unknown,Unknown,599,Channapatna Toys,6.396929655
REMAINING,"Channapatna Toys Walk-A-Long Pull Along Toy Wooden Caterpillar for 12 Months & Above Kids, Toddlers, Infant & Preschool Toys - Multicolor",Unknown,Unknown,Unknown,398,Channapatna Toys,5.988961417
REMAINING,"Channapatna Toys Walk-A-Long Pull Along Toy Wooden Snail for Toddlers, Kids(1 Year+) with Attached String- Encourage Walking, Develop Coordination",Unknown,Unknown,Unknown,419,Channapatna Toys,6.040254711
REMAINING,"Channapatna Toys Walk-A-Long Puppy & Rabbit Wooden Pull Along Toys for 1 Year & Above Kids, Toddlers, Infant & Preschool Toys - Set of 2-with String",Unknown,Unknown,Unknown,699,Channapatna Toys,6.551080335
REMAINING,"Channapatna Toys Walk-A-Long Wooden Pull Along Toy Snail for 12 Months & Above Kids, Toddlers, Infant & Preschool Toys with Attached String",Unknown,Unknown,Unknown,459,Channapatna Toys,6.131226489
REMAINING,"Channapatna Toys Wooden Aeroplane Toy Vehicle Push & Pull Along Toy for 12 Months & Above Kids, Toddlers, Infant & Preschool Toys - Pack of 1",Unknown,Unknown,14*14*14 cm,349,Channapatna Toys,5.857933154
REMAINING,"Channapatna Toys Wooden Baby Rattle Toy for infants/newborn babies (0+Years)-Shaker Drum Baby Rattle 2 pcs-Discover Sounds, Develops Sensory Skills",Unknown,Unknown,Unknown,399,Channapatna Toys,5.991464547
REMAINING,"Channapatna Toys Wooden Baby Rattle Toys for infants/new born babies (0+ Years) - Hand Rattle set of 2 pcs - Discover Sounds, Develops Sensory Skills",Unknown,Unknown,Unknown,449,Channapatna Toys,6.109247583
REMAINING,"Channapatna Toys Wooden Baby Rattle Toys for infants/new born babies (0+ Years)-Jingle Bell & Face Rattle set of 2pcs-Discover Sounds, Sensory Skills",Unknown,Unknown,Unknown,379,Channapatna Toys,5.940171253
REMAINING,"Channapatna Toys Wooden Baby Rattles ( 0+ years) - Set of 2 pcs - Multicolor - Develops Sensory Skills, Discover Sounds | Loud Sound Making Toys 2 Pc",Unknown,Unknown,Unknown,429,Channapatna Toys,6.063785209
REMAINING,"Channapatna Toys Wooden Baby Rattles Toys for Infants, Babies ( 0+ Years) -Set of 5- Multi color - Discover Sounds, Develops Sensory Skills",Unknown,Unknown,Unknown,689,Channapatna Toys,6.536691598
REMAINING,"Channapatna Toys Wooden Baby Rattles for New Born Babies ( 0+ years) - Set of 2 pcs - Multicolor - Develops Sensory Skills, Discover Sounds",Unknown,Unknown,Unknown,398,Channapatna Toys,5.988961417
REMAINING,Channapatna Toys Wooden Bear Stacking Toy for Kids ( 1.5 Years+) - Multicolor,Unknown,Unknown,Unknown,389,Channapatna Toys,5.966146739
REMAINING,"Channapatna Toys Wooden Bird Whistle Toy, Spinner & Spinning Tops for Kids (2 Year+) - Set of 4 pcs Discover Sounds",Unknown,Unknown,Unknown,449,Channapatna Toys,6.109247583
REMAINING,Channapatna Toys Wooden Bird Whistle Toys for Kids ( 1 Year+) - Set of 3 pcs - Multicolor - Discover Sounds,Unknown,Unknown,Unknown,459,Channapatna Toys,6.131226489
REMAINING,Channapatna Toys Wooden Bird Whistle Toys for Kids ( 1 Year+) - Set of 4 pcs - Multicolor - Discover Sounds,Unknown,Unknown,Unknown,499,Channapatna Toys,6.214608098
REMAINING,Channapatna Toys Wooden Bird Whistle toy for kids ( 1 Year+) - Set of 2 pcs - Multicolor - Discover Sounds,Unknown,Unknown,Unknown,349,Channapatna Toys,5.857933154
REMAINING,Channapatna Toys Wooden Bird Whistle toy for kids ( 1 Year+) - Set of 6 pcs - Multicolor - Discover Sounds,Unknown,Unknown,Unknown,669,Channapatna Toys,6.507277712
REMAINING,Channapatna Toys Wooden Blocks Set Wooden Toy Building and Stacking Counting Adding Subtracting Multiplication Indoor Game,Unknown,Unknown,Unknown,399,Channapatna Toys,5.991464547
REMAINING,Channapatna Toys Wooden Bowling Game Set for Kids with 6 Pins (2 Years+) Indoor Games & Outdoor Fun Learning Toy for Kids,Unknown,Unknown,Unknown,749,Channapatna Toys,6.620073207
REMAINING,"Channapatna Toys Wooden Bowling Pins Game & Spinning Tops Toys Set for Kids (2 Years+) - Non Toxic Colors, Indoor & Outdoor Game, Fun Learning Toy",Unknown,Unknown,"5cm (diameter) x 11cm (height), Carefully Handcrafted Pins & Balls 100% Natural Long lasting wood Attractive & Beautiful Perfectly Sized Grooved Bottom for better holding Perfect Toy for Indoor & Outdoor Play",999,Channapatna Toys,6.907755279
REMAINING,"Channapatna Toys Wooden Bowling Pins Game, Roly Poly Toy & Spinning Tops Set for Kids (2 Years+) - Non Toxic Colors, Fun Learning Toys for Kids",Unknown,Unknown,Unknown,1499,Channapatna Toys,7.313220387
REMAINING,"Channapatna Toys Wooden Bowling Pins Toy Colorful Set for Kids (2 Years+) - Non Toxic Colors, Indoor & Outdoor Game, Fun Learning Toy for Kids",Unknown,Unknown,"5cm (diameter) x 11cm (height), Carefully Handcrafted Pins & Balls 100% Natural Long lasting wood Attractive & Beautiful Perfectly Sized Grooved Bottom for better holding Perfect Toy for Indoor & Outdoor Play",799,Channapatna Toys,6.684611728
REMAINING,"Channapatna Toys Wooden Bowling Pins Toy Set for Kids (2 Years+) - Non Toxic Colors, Indoor & Outdoor Game, Fun Learning Toy for Kids",Unknown,Unknown,"5cm (diameter) x 11cm (height), Carefully Handcrafted Pins & Balls 100% Natural Long lasting wood Attractive & Beautiful Perfectly Sized Grooved Bottom for better holding Perfect Toy for Indoor & Outdoor Play",849,Channapatna Toys,6.745236349
REMAINING,"Channapatna Toys Wooden Bull Pull Along Animal Toy for 12 Months & Above Kids, Toddlers, Infant & Preschool Toys - Pack of 1 - Multicolor",Unknown,Wood; Color: Natural Wood,Unknown,499,Channapatna Toys,6.214608098
REMAINING,Channapatna Toys Wooden Calculation Shelf + Xylophone Musical Toy (Combo) Abacus Counting Building and Stacking Maths Learning Instrument for Kids 3+,Unknown,Unknown,Unknown,798,Channapatna Toys,6.683360946
REMAINING,Channapatna Toys Wooden Calculation Shelf | Abacus Kit for Kids 3+ Years | Counting Addition Subtraction Math's Learning Early Educational Kit,Unknown,Unknown,Unknown,568,Channapatna Toys,6.343880434
REMAINING,Channapatna Toys Wooden Chinese Checkers Hexagon Board with Wooden Marbles Board Games Superb Game Perfect Adults and Kids Gift Fun Toys 3+ Years,Unknown,Unknown,Unknown,698,Channapatna Toys,6.549650742
REMAINING,Channapatna Toys Wooden Christmas Peg Dolls Family Pretend Play Figurines - Colorful Diverse Natural Toys | Organic Handmade Play Kit,Unknown,Unknown,Unknown,549,Channapatna Toys,6.309918278
REMAINING,"Channapatna Toys Wooden Colourful Rainbow Roly Poly Toy for Baby, Toddlers, Kids(1 Year+) Wobbling Tumbler Toy | GI Tag Toy and ODOP Certified",Unknown,"Made with wood and colored with non toxic paints. No Batteries, No Plastic","9 x 12 cm. Your little one will never tire of this wobbly friend who bounces back no matter what they do! Push, pull or grasp this cute doll, the rounded, weighted bottoms always delightfully spin them back upright for more play time fun",549,Channapatna Toys,6.309918278
REMAINING,"Channapatna Toys Wooden Colourful Roly Poly Tumbler Toy for Baby, Toddlers, Kids(1 Year+) -8 Inches Wobbling Toy - Develops Curiosity & Motor Skills",Unknown,"Made with wood and colored with non toxic paints. No Batteries, No Plastic","9 x 12 cm. Your little one will never tire of this wobbly friend who bounces back no matter what they do! Push, pull or grasp this cute doll, the rounded, weighted bottoms always delightfully spin them back upright for more play time fun",549,Channapatna Toys,6.309918278
REMAINING,"Channapatna Toys Wooden Colourful Roly Poly Tumbler Toy for Baby, Toddlers, Kids(1 Year+) Wobbling Toy- Develops Curiosity & Motor Skills",Unknown,"Made with wood and colored with non toxic paints. No Batteries, No Plastic","9 x 12 cm. Your little one will never tire of this wobbly friend who bounces back no matter what they do! Push, pull or grasp this cute doll, the rounded, weighted bottoms always delightfully spin them back upright for more play time fun",379,Channapatna Toys,5.940171253
REMAINING,Channapatna Toys Wooden Cradle Toy Pretend Play for Kids 3+ Years | GI Tagged and ODOP Certified,Unknown,Unknown,Unknown,799,Channapatna Toys,6.684611728
REMAINING,Channapatna Toys Wooden Cup and Ball Balancing and Rattle toy for kids (1 Year+) red & green- pack of 2 pcs- Develop Hand-Eye Coordination,Unknown,Unknown,Unknown,399,Channapatna Toys,5.991464547
REMAINING,"Channapatna Toys Wooden Cute Colorful Pink Monkey for Kids ( 1 Years+) - multicolor - Pretend play, open ended toys",Unknown,Unknown,Unknown,399,Channapatna Toys,5.991464547
REMAINING,"Channapatna Toys Wooden Cute Monkey/Hanging monkey for kids ( 2 Years+) pack of 1 - Pretend play Toy for kids, Improves Childs Imagination",Unknown,Unknown,Unknown,649,Channapatna Toys,6.476972363
REMAINING,"Channapatna Toys Wooden Damru Rattle Toys for Baby, Infants, New Born Babies (0+ Years) - Multicolor - Set of 2 pcs - Discover Sounds",Unknown,Ivory wood (Wrightia tinctoria),Unknown,429,Channapatna Toys,6.063785209
REMAINING,"Channapatna Toys Wooden Dumbbells Rattle Toys for New born Babies, Baby - Sound Making Toys Pack of 2 pcs - Discover Sounds",Unknown,Unknown,Unknown,379,Channapatna Toys,5.940171253
REMAINING,Channapatna Toys Wooden Egg Shakers Rattles Set of 2 - Colourful Musical Instrument Rattle Toy for Baby and Kids (0-3 Years) - Non-Toxic Colors,Unknown,Unknown,Unknown,479,Channapatna Toys,6.173786104
REMAINING,"Channapatna Toys Wooden Egg Shakers, Set of 2 - Colourful Musical Instrument Rattle Toy for Baby and Kids (0-3 Years) - Non-Toxic, Hold and Shake Toy",Unknown,Unknown,Unknown,449,Channapatna Toys,6.109247583
REMAINING,"Channapatna Toys Wooden Egg Shakers, Set of 2N- Colourful Musical Instrument Rattle Toy for Baby and Kids (0-3 Years) - Non-Toxic, Hold and Shake Toy",Unknown,Unknown,Unknown,439,Channapatna Toys,6.086774727
REMAINING,Channapatna Toys Wooden Family Russian Nesting Dolls Set for Kids (2 years+) - 6 Inch Multicolor - set of 5 pcs - Improves Hand-Eye Coordinations,Unknown,Unknown,Unknown,639,Channapatna Toys,6.461468176
REMAINING,Channapatna Toys Wooden Farmer Couple Dolls Toys for Kids (3 Years+) 8 inch Multi Color- Set of 2 pcs - Learning The Professions,Unknown,Unknown,Unknown,799,Channapatna Toys,6.684611728
REMAINING,"Channapatna Toys Wooden Formula Racing Car Pull Push Along Toy for 12 Months & Above Kids, Toddlers, Infant & Preschool Toys - multicolor - Hand-eye",Unknown,Unknown,Unknown,479,Channapatna Toys,6.173786104
REMAINING,"Channapatna Toys Wooden Geometric Shape Sorter & Stacking Toddler Toys, Autism Toys for Brain Development, Preschool Educational Puzzle Toys",Unknown,Unknown,Unknown,579,Channapatna Toys,6.363028104
REMAINING,"Channapatna Toys Wooden Geometric Shape Sorter & Stacking Train Toddler Toys, Autism Toys for Brain Development, Preschool Educational Puzzle Toys",Unknown,Unknown,Unknown,689,Channapatna Toys,6.536691598
REMAINING,Channapatna Toys Wooden Giant Wheel/Ferris Wheel Toy for Kids ( 1 Years+) - pack of 1-Multicolor|Sensory & Fine Motor Skills | Encourages Curiosity,Unknown,Unknown,Unknown,989,Channapatna Toys,6.897704943
REMAINING,Channapatna Toys Wooden Gilli Danda | The Stick and Peg Game | Classical & Nostalgic Gulli Danda | Outdoor Games | Viti & Dandu |for 5 Years & up,Unknown,Unknown,Unknown,399,Channapatna Toys,5.991464547
REMAINING,Channapatna Toys Wooden Hammer Ball Knock Pounding Bench with Box Case Fine Motor and Dexterity Skills Early Educational Montessori Activity Toys,Unknown,Unknown,Unknown,548,Channapatna Toys,6.308098442
REMAINING,Channapatna Toys Wooden Hanging Monkey for Kids (3 Years+) - Multicolor - Hand Eye coordination & Fine Motor Skills | Wooden Joker Puppet,Unknown,Unknown,Unknown,419,Channapatna Toys,6.040254711
REMAINING,Channapatna Toys Wooden Indian Female Police Doll for kids (3 Years+) 9 inch khaki color-- Learning the professions,Unknown,Unknown,Unknown,398,Channapatna Toys,5.988961417
REMAINING,Channapatna Toys Wooden Indian Male Police Doll for kids (3 Years+) 9 inch khaki color - Learning the professions,Unknown,Unknown,Unknown,428,Channapatna Toys,6.061456919
REMAINING,Channapatna Toys Wooden Kendama Ball Toss and Catch Game Balancing Toy for Kids (3 Year+) - Develop Hand-Eye Coordination and Gross Motor Skills,Unknown,Unknown,Unknown,439,Channapatna Toys,6.086774727
REMAINING,"Channapatna Toys Wooden Kitchen Dollhouse Furniture Set for Kids (2 Years+)- Natural Wood color -Pack of 1 - pretend play, open ended toys",Unknown,Unknown,Unknown,698,Channapatna Toys,6.549650742
REMAINING,Channapatna Toys Wooden Kitchen Set Toy Natural Cooking Sets Pretend Play Toys for Little Boys and Girls and Kids Age 3+ (Premium),Unknown,Unknown,Unknown,1799,Channapatna Toys,7.495541944
REMAINING,Channapatna Toys Wooden Kum Kum/Sindhoor box dabbi set of 2pcs,Unknown,Unknown,Unknown,349,Channapatna Toys,5.857933154
REMAINING,"Channapatna Toys Wooden Maraca - Colourful Musical Instrument Rattle Toy for Baby and Kids (0-3 Years) - Non-Toxic, Hold and Shake Toy",Unknown,Unknown,Unknown,299,Channapatna Toys,5.703782475
REMAINING,"Channapatna Toys Wooden Maracas, Set of 2 - Colourful Musical Instrument Rattle Toy for Baby and Kids (0-3 Years) - Non-Toxic, Hold and Shake Toy",Unknown,Unknown,Unknown,379,Channapatna Toys,5.940171253
REMAINING,"Channapatna Toys Wooden Maracas, Set of 2 - Colourful Musical Instrument Rattle Toy for Baby and Kids (0-3 Years) - Non-Toxic, Hold and Shake Toy -",Unknown,Ivory wood (Wrightia tinctoria),Unknown,419,Channapatna Toys,6.040254711
REMAINING,Channapatna Toys Wooden Marble Slider Toy (4 Marbles) | Smiling Cartoon Themed Best Family Game Adults | STEM Early Educational Toys | Kids 3 + Years,Unknown,Unknown,Unknown,499,Channapatna Toys,6.214608098
REMAINING,Channapatna Toys Wooden Matryoshka Russian Nesting Dolls Set Indian Women for Kids (2 years+) - 6 Inch Multicolor - set of 5 pcs - Improves Hand Eye,Unknown,Unknown,Unknown,616,Channapatna Toys,6.424869024
REMAINING,"Channapatna Toys Wooden Monkey for Kids ( 1 Years+) - Multicolor - pretend play toy, open ended toys",Unknown,Unknown,Unknown,549,Channapatna Toys,6.309918278
REMAINING,"Channapatna Toys Wooden Montessori Maraca Rattles & Neem Wood Teethers, Bird Whistle Set of 5 - Colourful Rattle Toy for Baby and Kids (0-3 Years)",Unknown,Unknown,Unknown,549,Channapatna Toys,6.309918278
REMAINING,"Channapatna Toys Wooden Montessori Maraca Rattles & Neem Wood Teethers, Bird Whistle Set of 7 - Colourful Rattle Toy for Baby and Kids (0-3 Years)",Unknown,Unknown,Unknown,699,Channapatna Toys,6.551080335
REMAINING,Channapatna Toys Wooden Montessori Maraca Rattles & Xylophone Set of 5 - Handcrafted Non-Toxic Baby Rattles Toys for Baby and Kids (0-3 Years),Unknown,Ivory wood (Wrightia tinctoria),Unknown,569,Channapatna Toys,6.345636361
REMAINING,Channapatna Toys Wooden Montessori Maraca Rattles & Xylophone Set of 7 - Colourful Rattle Toy for Baby and Kids (0-3 Years),Unknown,Ivory wood (Wrightia tinctoria),Unknown,969,Channapatna Toys,6.877296071
REMAINING,Channapatna Toys Wooden Montessori Musical Maraca Rattles & Xylophone Set of 7 - Colourful Rattle Toy for Baby and Kids (0-3 Years),Unknown,Unknown,Unknown,1099,Channapatna Toys,7.003065459
REMAINING,Channapatna Toys Wooden Nativity Christmas Peg Dolls Family Set Pretend Play Figurines Colorful Diverse Natural Toys Organic Handmade Pack of 3 pcs,Unknown,Unknown,Unknown,380,Channapatna Toys,5.942799375
REMAINING,Channapatna Toys Wooden Panda Russian Nesting Dolls Set for Kids (2 years+) - 6 Inch Multicolor - set of 5 pcs - Improves Hand Eye Coordination,Unknown,Unknown,Unknown,599,Channapatna Toys,6.396929655
REMAINING,"Channapatna Toys Wooden Peg Dolls North Indian Couples Non Toxic Colors ( 2 Years+) - Set of 4 Wooden Dolls | Pretend Play, Open Ended Toys",Unknown,Unknown,Unknown,549,Channapatna Toys,6.309918278
REMAINING,"Channapatna Toys Wooden Peg Dolls South Indian Couples Non Toxic Colors ( 2 Years+) - Set of 6 Wooden Dolls | Pretend Play, Open Ended Toys",Unknown,Unknown,Unknown,669,Channapatna Toys,6.507277712
REMAINING,"Channapatna Toys Wooden Peg Dolls Wedding couple for Kids ( 2 Years+) - Multicolor, Pretend Play, Open Ended Toys, Waldorf Inspired",Unknown,Treated and carved by the Soft Ivory wood or called as Alada Mara in Kannada Color : Coated with lacquer which is made from vegetable dyes,Unknown,329,Channapatna Toys,5.799092654
REMAINING,"Channapatna Toys Wooden Penguin Bowling Pins Toy Set for Kids (2 Years+) - Non Toxic Colors, Indoor & Outdoor Game, Fun Learning Toy for Kids",Unknown,Unknown,"5cm (diameter) x 12cm (height), Carefully Handcrafted Pins & Balls 100% Natural Long lasting wood Attractive & Beautiful Perfectly Sized Grooved Bottom for better holding Perfect Toy for Indoor & Outdoor Play",759,Channapatna Toys,6.633318433
REMAINING,Channapatna Toys Wooden Penguin Roly Poly Toy for Babies & Toddlers (1 Year+) | Handcrafted Wobbling Tumbler Toy |Montessori Sensory Toy for Curiosity,Unknown,Unknown,Unknown,795,Channapatna Toys,6.679599186
REMAINING,"Channapatna Toys Wooden Pull Along Bunny Toy, Natural Wood Colour, for Toddlers & Kids 12 Months & Above",Unknown,Unknown,Unknown,449,Channapatna Toys,6.109247583
REMAINING,"Channapatna Toys Wooden Pull Along Racing Car Toy for 12 Months & Above Kids, Toddlers, Infant & Preschool Toys - Multicolor - Develops curiosity",Unknown,Unknown,Unknown,349,Channapatna Toys,5.857933154
REMAINING,"Channapatna Toys Wooden Pull Along Toy Puppy for 1 Year + Kids, Toddlers, Infants & Preschool Toys - Natural Wood Color",Unknown,Unknown,Unknown,399,Channapatna Toys,5.991464547
REMAINING,"Channapatna Toys Wooden Pull Along Toy Snail for 12 Months & Above Kids, Toddlers, Infant & Preschool Toys with Attached String - Set of 2 pcs",Unknown,Unknown,Unknown,899,Channapatna Toys,6.802394763
REMAINING,"Channapatna Toys Wooden Pull Along Toy Snail for 12 Months & Above Kids, Toddlers, Infant & Preschool Toys with Attached String - Set of 3 pcs",Unknown,Unknown,Unknown,999,Channapatna Toys,6.907755279
REMAINING,"Channapatna Toys Wooden Pull Along Toy Snail for 12 Months & Above Kids, Toddlers, Infant & Preschool Toys with Attached String - Set of 3pcs",Unknown,Unknown,Unknown,999,Channapatna Toys,6.907755279
REMAINING,"Channapatna Toys Wooden Push & Pull Along Toys for 12 Months & Above Kids, Toddlers, Infant & Preschool Toys - Multicolor - Hand Eye Coordination",Unknown,Unknown,Unknown,479,Channapatna Toys,6.173786104
REMAINING,Channapatna Toys Wooden Push Pull Snail Scooter Vehicle Toys for Kids ( 1 Year+) - Pack of 2 pcs - Multicolor - Develop Hand Eye Coordination,Unknown,Unknown,Unknown,499,Channapatna Toys,6.214608098
REMAINING,"Channapatna Toys Wooden Rabbit (Big) Pull Along Toy for 12 Months & Above Kids, Toddlers, Infant & Preschool Toys",Unknown,Wood; Color: Natural Wood,Unknown,419,Channapatna Toys,6.040254711
REMAINING,Channapatna Toys Wooden Rainbow Calculation Counting Stacker Math Toy (15 Pieces) | Number Learning Stacking Rings | Early Educational STEM Toys,Unknown,Unknown,Unknown,639,Channapatna Toys,6.461468176
REMAINING,Channapatna Toys Wooden Rainbow Stacker & Spinning Tops Toy for Kids - (1 Year+) - Multicolor - Pack of 10 pcs - Develop Fine Motor Skills,Unknown,Unknown,Unknown,999,Channapatna Toys,6.907755279
REMAINING,Channapatna Toys Wooden Rainbow Stacking Toy for 1+ Year Kids |Montessori Sorting & Stacking Rings Toy for Toddlers Handmade Eco-Friendly Learning Toy,Unknown,Unknown,Unknown,599,Channapatna Toys,6.396929655
REMAINING,"Channapatna Toys Wooden Rattle Toys for Baby | Infants | New born ( 0+ Years) - Set of 3 pcs - Multicolor - Discover Sounds, Develops Sensory Skills",Unknown,Unknown,Unknown,429,Channapatna Toys,6.063785209
REMAINING,"Channapatna Toys Wooden Rattle Toys for Baby, Infants, New born babies (0+ Years) - Cage Rattle - Multicolor - set of 2 pcs - Discover Sounds",Unknown,Unknown,Unknown,399,Channapatna Toys,5.991464547
REMAINING,"Channapatna Toys Wooden Rattle Toys for Baby, infants/newborn babies (0+Years)-Jingle Bell-set of 2 pcs - Discover Sounds, Develops Sensory Skills",Unknown,Unknown,Unknown,379,Channapatna Toys,5.940171253
REMAINING,"Channapatna Toys Wooden Rattle Toys for Baby/Infants ( 0+ Years) - Set of 3 pcs - Multicolor - Discover Sounds, Develops Sensory Skills",Unknown,Unknown,Unknown,429,Channapatna Toys,6.063785209
REMAINING,"Channapatna Toys Wooden Rattles & Elephant Shaker for Baby, Infants, New Born Babies Toys (0+ Years) - Set of 8 pcs-Multicolor-Discover Sound",Unknown,Unknown,Unknown,1099,Channapatna Toys,7.003065459
REMAINING,"Channapatna Toys Wooden Rattles & Elephant Shaker for Baby/Infants ( 0+ Years) - set of 3 pcs - multicolor - Discover Sounds, Develops Sensory Skill",Unknown,Unknown,Unknown,498,Channapatna Toys,6.212606096
REMAINING,"Channapatna Toys Wooden Rattles & Neem Wood Teethers, Set of 5 - Colourful Musical Instrument Rattle Toy for Baby and Kids (0-3 Years) - Non-Toxic",Unknown,Ivory wood (Wrightia tinctoria),Unknown,599,Channapatna Toys,6.396929655
REMAINING,"Channapatna Toys Wooden Rattles & Shakers for Baby, New born babies, Infants ( 0+ Years) - set of 3 pcs - Multicolor - Discover Sounds",Unknown,Ivory wood (Wrightia tinctoria),Unknown,459,Channapatna Toys,6.131226489
REMAINING,"Channapatna Toys Wooden Rattles Gift Set for Babies, Newborns and Infants of Age 1-3-6-9-12 Months | High Contrast Gift Set of 4 Rattles",Unknown,Unknown,Unknown,538,Channapatna Toys,6.289715571
REMAINING,"Channapatna Toys Wooden Rattles Musical Toys for Baby/New-Born Babies, Infants, Kids - Set of 4 pcs-multicolor-Discover Sound,Develop Sensory Skill",Unknown,Unknown,Unknown,498,Channapatna Toys,6.212606096
REMAINING,"Channapatna Toys Wooden Rattles Toys Set for Baby, Infants, New born Babies ( 0+ Years) - Set of 5 - Multicolor - Discover Sounds",Unknown,Unknown,Unknown,689,Channapatna Toys,6.536691598
REMAINING,"Channapatna Toys Wooden Rattles Toys for Baby, Infants, New born Babies ( 0+ Years) - Set of 5 pcs - Multicolor - Discover Sounds",Unknown,Unknown,Unknown,699,Channapatna Toys,6.551080335
REMAINING,"Channapatna Toys Wooden Rattles Toys for Baby, Infants, New born Babies ( 0+ Years) - Set of 5 pcs - Multicolor - Discover Sounds & Sensory Skills",Unknown,Ivory wood (Wrightia tinctoria),Unknown,679,Channapatna Toys,6.522092798
REMAINING,"Channapatna Toys Wooden Rattles Toys for Baby, New Born Babies,Infants,Kids-Set of 4pcs-Nontoxic Multicolor-Discover Sounds, Develops Sensory Skills",Unknown,Unknown,Unknown,549,Channapatna Toys,6.309918278
REMAINING,"Channapatna Toys Wooden Rattles Toys for Baby, New born Babies, Infants, Kids - Set of 5 pcs - Multicolor - Discover Sounds, Develops Sensory Skills",Unknown,Ivory wood (Wrightia tinctoria),Unknown,579,Channapatna Toys,6.363028104
REMAINING,"Channapatna Toys Wooden Rattles Toys for Baby, New born Babies, Infants- Set of 5 pcs - Multicolor - Discover Sounds, Develops Sensory Skills",Unknown,Ivory wood (Wrightia tinctoria),Unknown,698,Channapatna Toys,6.549650742
REMAINING,"Channapatna Toys Wooden Rattles Toys for Baby, New born Babies, Infants- Set of 5 pcs - Multicolor - Discover Sounds, Develops Sensory Skills",Unknown,Unknown,Unknown,718,Channapatna Toys,6.577861358
REMAINING,"Channapatna Toys Wooden Rattles Toys for Baby, New born babies, Infants ( 0+ Years) - set of 3 pcs-Multicolor-Discover Sound, Develop Sensory Skill",Unknown,"100% sustainable wooden toy with non-toxic, water-based dyes ,child safe. No batteries, no plastics toy rattle provides tactile, sonic and visual stimulation",Unknown,448,Channapatna Toys,6.107022888
REMAINING,"Channapatna Toys Wooden Rattles Toys for Baby, New-Born Infant Kids - Set of 5 pcs - Multicolor - Discover Sounds, Develops Sensory Skills",Unknown,Sustainably sourced hale wood,Approx. 10–12 cm,749,Channapatna Toys,6.620073207
REMAINING,"Channapatna Toys Wooden Rattles Toys for Baby, New-born Infant Kids - Set of 5 pcs - Multicolor - Discover Sounds, Develops Sensory Skills",Unknown,Unknown,Unknown,699,Channapatna Toys,6.551080335
REMAINING,"Channapatna Toys Wooden Rattles Toys for Baby/New-Born Infant Kids - Set of 4 pcs - Multicolor - Discover Sounds, Develops Sensory Skills",Unknown,Unknown,Unknown,499,Channapatna Toys,6.214608098
REMAINING,"Channapatna Toys Wooden Rattles Toys for Baby/New-Born, Infant Kids - Set of 4 pcs - Multicolor - Discover Sounds, Develops Sensory Skills",Unknown,Unknown,Unknown,498,Channapatna Toys,6.212606096
REMAINING,"Channapatna Toys Wooden Rattles Toys for Baby/New-born Infant Kids - Set of 5 pcs - Multicolor - Discover Sounds, Develops Sensory Skills",Unknown,Ivory wood (Wrightia tinctoria),Unknown,549,Channapatna Toys,6.309918278
REMAINING,"Channapatna Toys Wooden Rattles for Baby (0+ year) - set of 2 pcs - Discover Sounds, Develops Sensory Skills | Wooden Musical Toys Shaker Drum",Unknown,"100% sustainable wooden toy with non-toxic, water-based dyes ,child safe. No batteries, no plasticn toy rattle provides tactile, sonic and visual stimulation",Unknown,399,Channapatna Toys,5.991464547
REMAINING,Channapatna Toys Wooden Rattles for Baby | New Born Babies | Infants | - Set of 4 pcs - multicolor - Discover Sounds & Develops Sensory Skills,Unknown,Unknown,Unknown,498,Channapatna Toys,6.212606096
REMAINING,Channapatna Toys Wooden Rattles for Baby | New-Born Babies | Infants | - Pack of 4 pcs - multicolor - Discover Sounds & Develops Sensory Skills,Unknown,Unknown,Unknown,498,Channapatna Toys,6.212606096
REMAINING,Channapatna Toys Wooden Rattles for Baby | New-Born Babies | Infants | - Set of 4 pcs - multicolor - Discover Sounds & Develops Sensory Skills,Unknown,Ivory wood (Wrightia tinctoria),Unknown,498,Channapatna Toys,6.212606096
REMAINING,"Channapatna Toys Wooden Rattles for Baby, Infants, New Born Babies Toys (0 to 6 to 12 Months) - Set of 8 pcs - Multicolor - Discover Sounds",Unknown,Ivory wood (Wrightia tinctoria),Unknown,999,Channapatna Toys,6.907755279
REMAINING,"Channapatna Toys Wooden Rattles for Baby, Infants, New Born Babies Toys (0+ Years) - Set of 5 pcs - Nontoxic Multicolor, Develops Sensory Skills",Unknown,Ivory wood (Wrightia tinctoria),Unknown,719,Channapatna Toys,6.579251212
REMAINING,"Channapatna Toys Wooden Rattles for Baby, Infants, New Born Babies Toys (0+ Years) - Set of 8 pcs-Multicolor-Discover Sound, Develop Sensory Skill",Unknown,Ivory wood (Wrightia tinctoria),Unknown,1099,Channapatna Toys,7.003065459
REMAINING,"Channapatna Toys Wooden Rattles for Baby, Infants, New Born Babies Toys (0+ Years)-Set of 6 pcs-Multicolor-Discover Sounds, Develops Sensory Skills",Unknown,Ivory wood (Wrightia tinctoria),Unknown,798,Channapatna Toys,6.683360946
REMAINING,"Channapatna Toys Wooden Rattles for Baby, Infants, Newborn Babies(0+Years)-Rattles Set of 5 pcs-Nontoxic Multicolor-Discover Sounds & Sensory Skills",Unknown,Ivory wood (Wrightia tinctoria),Unknown,728,Channapatna Toys,6.591673732
REMAINING,"Channapatna Toys Wooden Rattles for Baby, Infants, Newborn Babies(0+Years)-Rattles Set of 6 pcs-Nontoxic Multicolor-Discover Sounds & Sensory Skills",Unknown,Ivory wood (Wrightia tinctoria),Unknown,699,Channapatna Toys,6.551080335
REMAINING,"Channapatna Toys Wooden Rattles for Baby, New born babies, Infants ( 0+ Years) - set of 3 pcs - Multicolor - Discover Sounds",Unknown,Unknown,Unknown,459,Channapatna Toys,6.131226489
REMAINING,"Channapatna Toys Wooden Rattles for Baby, New born, Infants ( 0+ Years) - set of 3 pcs - Multicolor - Discover Sounds",Unknown,Unknown,Unknown,469,Channapatna Toys,6.152732695
REMAINING,"Channapatna Toys Wooden Rattles for Baby, Twisting Toys, Teethers & Shakers Infants, New Born Babies Toys (0 to 6 to 12 Months) - Set of 10 pcs",Unknown,Ivory wood (Wrightia tinctoria),Unknown,1449,Channapatna Toys,7.279318835
REMAINING,"Channapatna Toys Wooden Rattles for Baby, new born babies, Infants ( 0+ Years) - set of 3 pcs - multicolor - Discover Sounds, Develops Sensory Skills",Unknown,Unknown,Unknown,448,Channapatna Toys,6.107022888
REMAINING,"Channapatna Toys Wooden Rattles for Baby/Infants ( 0+ Years) - set of 3 pcs - multicolor - Discover Sounds, Develops Sensory Skill",Unknown,Unknown,Unknown,438,Channapatna Toys,6.084499413
REMAINING,"Channapatna Toys Wooden Rattles for Baby/Infants ( 0+ Years) - set of 3 pcs - multicolor - Discover Sounds, Develops Sensory Skills",Unknown,Unknown,Unknown,438,Channapatna Toys,6.084499413
REMAINING,"Channapatna Toys Wooden Rattles for Baby/Infants ( 0+ Years) - set of 3 pcs - multicolor - Discover Sounds, Develops Sensory Skills",Unknown,"100% sustainable wooden toy with non-toxic, water-based dyes ,child safe. No batteries, no plastics toy rattle provides tactile, sonic and visual stimulation",Unknown,448,Channapatna Toys,6.107022888
REMAINING,"Channapatna Toys Wooden Rattles for Baby/Infants, new born ( 0+ Years) - set of 3 pcs - multicolor - Discover Sounds, Develops Sensory Skills",Unknown,"100% sustainable wooden toy with non-toxic, water-based dyes ,child safe. No batteries, no plastics toy rattle provides tactile, sonic and visual stimulation",Unknown,438,Channapatna Toys,6.084499413
REMAINING,"Channapatna Toys Wooden Rattles for Baby/Infants, new born toys ( 0+ Years) - set of 3 pcs - multicolor - Discover Sounds, Develops Sensory Skills",Unknown,"100% sustainable wooden toy with non-toxic, water-based dyes ,child safe. No batteries, no plastics toy rattle provides tactile, sonic and visual stimulation",Unknown,438,Channapatna Toys,6.084499413
REMAINING,"Channapatna Toys Wooden Rattles for Baby/new born babies, Infants ( 0+ Years) - Set of 3 pcs - Multicolor - Discover Sounds, Develops Sensory Skills",Unknown,Unknown,Unknown,439,Channapatna Toys,6.086774727
REMAINING,Channapatna Toys Wooden Rattles for New Born Babies | Infants | - Pack of 4 pcs - multicolor - Discover Sounds & Develops Sensory Skills,Unknown,Unknown,Unknown,498,Channapatna Toys,6.212606096
REMAINING,"Channapatna Toys Wooden Rattles, Teethers & Shakers for Baby, Infants, New Born Babies Toys (0+ Years) - Set of 13 pcs-Multicolor-Discover Sound",Unknown,Ivory wood (Wrightia tinctoria),Unknown,1349,Channapatna Toys,7.207859871
REMAINING,"Channapatna Toys Wooden Rolling Rattle Toy for Baby, Infants, New born babies (3+ Months) Discover Sounds, Develops Sensory Skills",Unknown,Unknown,Unknown,378,Channapatna Toys,5.937536205
REMAINING,Channapatna Toys Wooden Roly Poly Balancing Doll & Stacking Toy with 5 Rings for Kids ( 1 Years+) - Set of 2 Pcs - Develops curiosity,Unknown,Unknown,Unknown,598,Channapatna Toys,6.395261598
REMAINING,Channapatna Toys Wooden Roly Poly Dancing Duck (Big) for Kids ( 1Years+) - Multicolor - Wobbling Toy Develops Curiosity & Motor Skills,Unknown,Unknown,Unknown,379,Channapatna Toys,5.940171253
REMAINING,Channapatna Toys Wooden Roly Poly balancing doll & Stacking Rings Toys for Kids ( 1 Years+) - Set of 2 Pieces - Develops curiosity & Fine motor skill,Unknown,Unknown,Unknown,699,Channapatna Toys,6.551080335
REMAINING,Channapatna Toys Wooden Roly Poly balancing doll & Stacking Toy with 5 Rings for Kids ( 1 Years+) - Set of 2 Pieces - Develops curiosity,Unknown,Unknown,Unknown,648,Channapatna Toys,6.475432717
REMAINING,Channapatna Toys Wooden Roly Poly balancing dolls for Kids ( 1 Years+) - Set of 2 Pieces - Develops curiosity & Fine motor skills,Unknown,Unknown,Unknown,699,Channapatna Toys,6.551080335
REMAINING,Channapatna Toys Wooden Roly Poly balancing dolls for Kids ( 1 Years+) - Set of 3 Pieces - Develops curiosity & Fine motor skills,Unknown,Unknown,Unknown,849,Channapatna Toys,6.745236349
REMAINING,Channapatna Toys Wooden Russian Nesting Dolls Penguin Set for Kids (2 years+) - 6 Inch Multicolor - set of 5 pcs - Improves Hand Eye Coordination,Unknown,Unknown,Unknown,638,Channapatna Toys,6.459904454
REMAINING,Channapatna Toys Wooden Russian Nesting Dolls Set for Kids | Stacking Dolls (2 Years+) - Set of 5 pcs,Unknown,Unknown,Unknown,649,Channapatna Toys,6.476972363
REMAINING,"Channapatna Toys Wooden Russian Nesting Dolls Set/Stacking Dolls for Kids ( 3 Years+)- set of 4 pcs-Develop Problem Solving & Curiosity, Pretend Play",Unknown,"Wood; Color: Natural Wood, Then there is the classic, ORDERING or SEQUENCING by size. Encourage your kids to put them in order from big to small and small to big.",2.5 x 2.2 x 6 Inch ; Weights: 250 Grams,599,Channapatna Toys,6.396929655
REMAINING,Channapatna Toys Wooden Russian Nesting Dolls Set/Stacking toy for Kids ( 2 Years+) - Set of 5 pcs - 6 Inch Multicolor - Develop Problem Solving,Unknown,Unknown,Unknown,599,Channapatna Toys,6.396929655
REMAINING,Channapatna Toys Wooden Russian Nesting Dolls for Kids (2 years+) - 6 Inch Multicolor - Set of 5 pcs - Improves Hand Eye Coordination and Fine Motor,Unknown,Unknown,Unknown,599,Channapatna Toys,6.396929655
REMAINING,Channapatna Toys Wooden Scooter/Motorcycle for Kids ( 1 Year+) - Develop Hand Eye Coordination and Fine Motor Skills - Multicolor,Unknown,Wood; Color: Natural Wood,Unknown,699,Channapatna Toys,6.551080335
REMAINING,Channapatna Toys Wooden Slippery Car | Track Car Set | Car Racer Gliding Car Toy | Kids 3+Years,Unknown,Unknown,Unknown,499,Channapatna Toys,6.214608098
REMAINING,Channapatna Toys Wooden Spinning Tops - Spindle Top for Kids ( 3 Years+) pack of 1 - Multicolor - Curiosity & Fine Motor Skills | Pambaram,Unknown,Unknown,Unknown,309,Channapatna Toys,5.736572297
REMAINING,Channapatna Toys Wooden Spinning Tops Lattu for Kids (3 Years+) - Set of 5 Pcs - Multicolor - Curiosity & Fine Motor Skills,Unknown,Unknown,Unknown,539,Channapatna Toys,6.29156914
REMAINING,Channapatna Toys Wooden Spinning Tops Toys & Cup Ball Game for Kids (3 Years+) - Set of 4 Pcs - Multicolor - Curiosity & Fine Motor Skills,Unknown,Unknown,Unknown,499,Channapatna Toys,6.214608098
REMAINING,Channapatna Toys Wooden Spinning Tops Toys (3 Years+) - Set of 2 Pcs - Multicolor - Curiosity & Fine Motor Skills | Pambaram | Bongaram | Lattu,Unknown,Unknown,Unknown,379,Channapatna Toys,5.940171253
REMAINING,Channapatna Toys Wooden Spinning Tops Toys (3 Years+) - Set of 3 Pcs - Multicolor - Curiosity & Fine Motor Skills | Pambaram | Bongaram | Lattu,Unknown,Unknown,Unknown,419,Channapatna Toys,6.040254711
REMAINING,Channapatna Toys Wooden Spinning Tops Toys (3 Years+) - Set of 4 Pcs - Multicolor - Curiosity & Fine Motor Skills | Pambaram | Bongaram | Lattu,Unknown,Unknown,Unknown,449,Channapatna Toys,6.109247583
REMAINING,Channapatna Toys Wooden Spinning Tops Toys Combo (3 Years+) - Combo Set of 3 Pcs - Multicolor - Curiosity & Fine Motor Skills | Pambaram | Bongaram,Unknown,Unknown,Unknown,398,Channapatna Toys,5.988961417
REMAINING,Channapatna Toys Wooden Spinning Tops Toys Combo (3 Years+) - Set of 3 Pcs - Multicolor - Curiosity & Fine Motor Skills | Pambaram | Bongaram | Lattu,Unknown,Unknown,Unknown,398,Channapatna Toys,5.988961417
REMAINING,Channapatna Toys Wooden Spinning Tops Toys Combo Pack of 10 Toys for Kids (3 Years+) - Lattu Spinning Toy Wood - Multicolor - Curiosity,Unknown,Unknown,Unknown,1174,Channapatna Toys,7.069023427
REMAINING,Channapatna Toys Wooden Spinning Tops Toys Combo Pack of 6 Toys for Kids (3 Years+) - Multicolor - Curiosity & Fine Motor Skills,Unknown,Unknown,Unknown,499,Channapatna Toys,6.214608098
REMAINING,Channapatna Toys Wooden Spinning Tops Toys Combo Pack of 7 Toys for Kids (3 Years+) - Multicolor - Curiosity & Fine Motor Skills,Unknown,Unknown,Unknown,599,Channapatna Toys,6.396929655
REMAINING,Channapatna Toys Wooden Spinning Tops Toys Combo for Kids (3 Years+) - Set of 2 Pcs - Multicolor - Curiosity & Fine Motor Skills | Pambaram |Bongaram,Unknown,Unknown,Unknown,379,Channapatna Toys,5.940171253
REMAINING,Channapatna Toys Wooden Spinning Tops Toys for Kids (3 Years+) - Set of 3 Pcs - Multicolor - Curiosity & Fine Motor Skills | Pambaram | Bongaram,Unknown,Unknown,Unknown,419,Channapatna Toys,6.040254711
REMAINING,Channapatna Toys Wooden Spinning Tops Toys for Kids (3 Years+) - Set of 3 pcs - Curiosity & Fine Motor Skills | Pambaram | Bongaram | Lattu,Unknown,Unknown,Unknown,329,Channapatna Toys,5.799092654
REMAINING,Channapatna Toys Wooden Spinning Tops Toys for Kids (3 Years+) Combo Pack of 4 pcs - Multicolor - Curiosity & Fine Motor Skills | Lattoo with String,Unknown,Unknown,Unknown,399,Channapatna Toys,5.991464547
REMAINING,Channapatna Toys Wooden Spinning Tops for Kids (3 Years+) - Set of 3 Pcs - Multicolor - Curiosity & Fine Motor Skills,Unknown,Unknown,Unknown,399,Channapatna Toys,5.991464547
REMAINING,Channapatna Toys Wooden Spring Head Rabbit Toy for Kids( 1 Year+) - fine motor skills,Unknown,Unknown,Unknown,249,Channapatna Toys,5.521460918
REMAINING,Channapatna Toys Wooden Squirrel Roly Poly Toy for Babies & Toddlers (1 Year+) | Handcrafted Wobbling Tumbler Toy Montessori Sensory Toy for Curiosity,Unknown,Unknown,Unknown,795,Channapatna Toys,6.679599186
REMAINING,"Channapatna Toys Wooden Squirrel Roly Poly Toy for Baby, Toddlers, Kids(1 Year+) Wobbling Tumbler Toy- Develops Curiosity & Motor Skills",Unknown,"Made with wood and colored with non toxic paints. No Batteries, No Plastic","9 x 12 cm. Your little one will never tire of this wobbly friend who bounces back no matter what they do! Push, pull or grasp this cute doll, the rounded, weighted bottoms always delightfully spin them back upright for more play time fun",765,Channapatna Toys,6.64118217
REMAINING,Channapatna Toys Wooden Stacking Rings Game Toy for Kids with painted numbers - (1 Year+) - 10 rings - Multicolor - pack of 1 - Develop Fine Skills,Unknown,Unknown,Unknown,489,Channapatna Toys,6.194405391
REMAINING,Channapatna Toys Wooden Stacking Rings Toy for Kids ( 1.5 Years+) - Multicolor - Develop Hand-Eye Coordination & Fine Motor Skills,Unknown,Unknown,Unknown,479,Channapatna Toys,6.173786104
REMAINING,Channapatna Toys Wooden Stacking Toy Color Matching 15 Rings & Pull Along Toy Snail for Kids ( 1 Years+) - Set of 2 Pcs - Develops curiosity,Unknown,Unknown,Unknown,1099,Channapatna Toys,7.003065459
REMAINING,Channapatna Toys Wooden Tic Tac Toe Board Game | Strategy Game | Party Game | Outdoor & Indoor Game | Perfect for Gift | for Kids and Adults,Unknown,Unknown,Unknown,698,Channapatna Toys,6.549650742
REMAINING,"Channapatna Toys Wooden Toy Gift Set - Pack of 9 Toys for Kids, Boys, Girls, Toddlers & Preschoolers |Multicolor |Perfect for Children 1 Year+",Unknown,Unknown,Unknown,1999,Channapatna Toys,7.60090246
REMAINING,"Channapatna Toys Wooden Toy Gift Set for Babies (6+ Months) | Montessori-Inspired Handmade Wooden Car, Rattle & Rainbow Spinning Roly Poly Toy Set",Unknown,Unknown,Unknown,999,Channapatna Toys,6.907755279
REMAINING,"Channapatna Toys Wooden Toys Gift Set Pack of 11 Toys for Kids, Boys, Girls, Toddlers, Preschool, Infants (1 Years+) - Multicolor",Unknown,Ivory wood (Wrightia tinctoria),Unknown,2299,Channapatna Toys,7.740664402
REMAINING,Channapatna Toys Wooden Tractor Toy Vehicle Push & Pull Toy for Kids ( 2 Years+) -Pack of 1 - Multicolor-Develop Hand Eye Coordination and Fine Skill,Unknown,Treated and carved by the Soft Ivory wood or called as Alada Mara in Kannada Color : Coated with lacquer which is made from vegetable dyes,Unknown,398,Channapatna Toys,5.988961417
REMAINING,"Channapatna Toys Wooden Train Engine Pull Along Toy for 12 Months & Above Kids,Toddlers,Infant & Preschool Toy-Multicolor, Hand eye coordination",Unknown,Treated and carved by the Soft Ivory wood or called as Alada Mara in Kannada Color : Coated with lacquer which is made from vegetable dyes,Unknown,399,Channapatna Toys,5.991464547
REMAINING,Channapatna Toys Wooden Women Russian Nesting Dolls Set for kids ( 3 Years+) - 6 inch Red - Pack of 5 pcs - Develop Problem Solving & Curiosity,Unknown,Unknown,Unknown,616,Channapatna Toys,6.424869024
REMAINING,Channapatna Toys Wooden Xylophone & Jingle bell Rattle toys for kids ( 1 Year+) - 5 nodes - Multicolor - Discover Music | Xylophone Musical Toy,Unknown,Unknown,Unknown,399,Channapatna Toys,5.991464547
REMAINING,Channapatna Toys Wooden Xylophone toy for kids ( 1 Year+) - 8 nodes - Multicolor - Discover Music | Xylophone Musical Toy for Babies/Kids,Unknown,Unknown,Unknown,429,Channapatna Toys,6.063785209
REMAINING,Channapatna Toys Wooden Yo-Yo Toy for Kids (3 Years+) - Set of 2 - Multicolor -Curiosity & Fine Motor Skills,Unknown,Unknown,Unknown,329,Channapatna Toys,5.799092654
REMAINING,Channapatna Toys Wooden Yo-Yo Toy for Kids (3 Years+) - Set of 3 pcs - Multicolor -Curiosity & Fine Motor Skills,Unknown,Unknown,Unknown,398,Channapatna Toys,5.988961417
REMAINING,Channapatna Toys Wooden Yo-Yo Toy for Kids (3 Years+) - Set of 4 pcs - Multicolor -Curiosity & Fine Motor Skills,Unknown,Unknown,Unknown,429,Channapatna Toys,6.063785209
REMAINING,"Channapatna Toys Wooden christmas santa Roly Poly Toy for Baby, Toddlers, Kids(1 Year+) Wobbling Tumbler Toy- Develops Curiosity & Motor Skills",Unknown,"Made with wood and colored with non toxic paints. No Batteries, No Plastic","9 x 12 cm. Your little one will never tire of this wobbly friend who bounces back no matter what they do! Push, pull or grasp this cute doll, the rounded, weighted bottoms always delightfully spin them back upright for more play time fun",799,Channapatna Toys,6.684611728
REMAINING,"Channapatna Toys Wooden rattle toys for baby/New-Born Infant Kids - Set of 4 pcs - multicolor - Discover Sounds, Develops Sensory Skills",Unknown,Ivory wood (Wrightia tinctoria),Unknown,499,Channapatna Toys,6.214608098
REMAINING,"Channapatna Toys Wooden rattle toys for baby/New-Born Infant Kids set of 4 pcs - multicolor - Discover Sounds, Develops Sensory Skills",Unknown,Unknown,Unknown,489,Channapatna Toys,6.194405391
REMAINING,"Channapatna Toys Wooden rattle toys for baby/New-Born Infant Kids set of 4 pcs - multicolor - Discover Sounds, Develops Sensory Skills",Unknown,Unknown,Unknown,499,Channapatna Toys,6.214608098
REMAINING,"Channapatna Toys Wooden rattle toys for new born babies, baby - Sound Making Toys 2 pcs - Discover Sounds",Unknown,Treated and carved by the Soft Ivory wood or called as Alada Mara in Kannada Color : Coated with lacquer which is made from vegetable dyes.,Unknown,419,Channapatna Toys,6.040254711
REMAINING,"Channapatna Toys Wooden rattle toys for new born babies/Infants (0+ years) - set of 2 pcs - multicolor - Discover Sounds, Develops Sensory Skills",Unknown,Ivory wood (Wrightia tinctoria),Unknown,399,Channapatna Toys,5.991464547
REMAINING,"Channapatna Toys Wooden rattles for Baby/New-born Infant Kids set of 4 pcs - multicolor - Discover Sounds, Develops Sensory Skills",Unknown,Ivory wood (Wrightia tinctoria),Unknown,489,Channapatna Toys,6.194405391
REMAINING,"Channapatna Toys Wooden rattles toys for Baby/New born Infant Kids set of 4 pcs - multicolor - Discover Sounds, Develops Sensory Skills",Unknown,Unknown,Unknown,499,Channapatna Toys,6.214608098
REMAINING,Channapatna Toys Xylophone Guitar Wooden (5 Nodes) Kids First Musical Sound Instrument Toy Babies Toddlers 6 Months (Small Guitar Xylo Pack of 2),Unknown,Unknown,Unknown,439,Channapatna Toys,6.086774727
REMAINING,Channapatna Toys Xylophone Guitar Wooden (5 Nodes) | Kids First Musical Sound Instrument Toy | Babies Toddlers 6 Months + (Small Guitar Xylo),Unknown,Unknown,Unknown,299,Channapatna Toys,5.703782475
REMAINING,Channapatna Toys Xylophone for Kids (Big Size) Wooden Musical Instruments Piano Toy Baby Children Toddlers 6 Months + (Pack of 1),Unknown,Unknown,Unknown,419,Channapatna Toys,6.040254711
REMAINING,"Channapatna Toys colorful Wooden rattle toys for baby/New-born Infant Kids set of 4 pcs - multicolor - Discover Sounds, Develops Sensory Skills",Unknown,Ivory wood (Wrightia tinctoria),Unknown,499,Channapatna Toys,6.214608098
REMAINING,Channapatna Toys wooden handmade key chains Indian Desi Keychains set of 25 pcs Birthday return gifts,Unknown,Unknown,Unknown,1699,Channapatna Toys,7.43838353
REMAINING,"Channapatna Toys wooden rattles for baby/Infants ( 0+ Years) - set of 3 pcs - multicolor - Discover Sounds, Develops Sensory Skills",Unknown,Unknown,Unknown,469,Channapatna Toys,6.152732695
REMAINING,"Channapatna Toys wooden rattles toys for Baby/Infants, new born ( 0+ Years) - set of 3 pcs - multicolor - Discover Sounds, Develops Sensory Skills",Unknown,"100% sustainable wooden toy with non-toxic, water-based dyes ,child safe. No batteries, no plasticn toy rattle provides tactile, sonic and visual stimulation",Unknown,439,Channapatna Toys,6.086774727
REMAINING,Channapatna Traditional Wooden Cooking / Kitchen Toys Play Set (Choppu Jaman) – 14 Pieces,Unknown,Unknown,Unknown,679,Channapatna Toys,6.522092798
REMAINING,"Channapatna Wooden Baby Rattle and Teether, Natural Beech Wood, 0-12 Months, Handcrafted in India, GI tagged and ODOP certified",Unknown,Unknown,Unknown,399,Channapatna Toys,5.991464547
REMAINING,"Channapatna Wooden Christmas Figurine Baubles, Wooden Christmas Ornaments, Set of 4",Unknown,Unknown,"Approximately 10 cm tall, these baubles make a charming addition to your Christmas tree, mantelpiece, or table centrepiece.",499,Channapatna Toys,6.214608098
REMAINING,Channapatna Wooden Couple Dolls for Kids & Home Decor | Handmade Traditional Indian Peg Dolls | Eco-Friendly Natural Handcrafted Cultural Figurines,Unknown,Unknown,Unknown,499,Channapatna Toys,6.214608098
REMAINING,"Channapatna Wooden Cup & Ball Toy | Traditional Skill Game for Focus, Stress Relief Toy | Montessori Eco-Friendly Wooden Toy for Kids",Unknown,Unknown,Unknown,399,Channapatna Toys,5.991464547
REMAINING,"Channapatna Wooden Decorative Dolls, Traditional Indian Art, Hand-Painted Figurines, Set of 2",Unknown,"Crafted from locally sourced wood with safe, non-toxic lacquer colours, making them perfect as decorative pieces","Each doll measures approximately 12 cm in height and 5 cm in width, ideal for display on shelves or tabletops",499,Channapatna Toys,6.214608098
REMAINING,"Channapatna Wooden Doll – Handcrafted Traditional Karnataka Figurine | Eco-Friendly, Non-Toxic Decorative Toy | Indian Folk Art by Meeran Art & Crafts",Unknown,Unknown,Unknown,799,Channapatna Toys,6.684611728
REMAINING,"Channapatna Wooden Doll, Indian, Traditional Karnataka Folk Art Figurine, Handcrafted Decorative Collectible, Eco-Friendly, Non-Toxic Decorative Toy",Unknown,Unknown,Unknown,799,Channapatna Toys,6.684611728
REMAINING,Channapatna Wooden Family Peg Dolls Set of 6 | Montessori Open-Ended Pretend Play Toys for Kids | Handcrafted & Non-Toxic Learning Toy | 3+ Years,Unknown,Unknown,Unknown,679,Channapatna Toys,6.522092798
REMAINING,Channapatna Wooden Family Russian Nesting Dolls Set for Kids (2 Years+) - 6 Inch Multicolor - Set of 5 pcs - GI tag & ODOP Certified,Unknown,Made from natural cuts of wood and decorated with safe water-based paints,Unknown,649,Channapatna Toys,6.476972363
REMAINING,"Channapatna Wooden Farmer Couple Dolls Toys for Kids, 5 inch, Set of 2, Multi-Colour",Unknown,Unknown,"Measuring 5 inches in height, these dolls are compact yet captivating, making them ideal for small hands and easy storage.",599,Channapatna Toys,6.396929655
REMAINING,"Channapatna Wooden Farmer Couple Dolls, Traditional Indian Village Decor, Handcrafted Decorative Figurines, Cultural Craft Gift for Kids & Home Decor",Unknown,Unknown,Unknown,599,Channapatna Toys,6.396929655
REMAINING,"Channapatna Wooden Indian Raja Rani Roly Poly Dolls, Traditional Handcrafted Toys, Set of 2, Green and Turquoise",Unknown,Unknown,Unknown,749,Channapatna Toys,6.620073207
REMAINING,"Channapatna Wooden Kitchen Play Set, 16 Pieces Pretend Cooking Toys, Multicolour, Ages 2+ | GI tagged & ODOP certified",Unknown,Unknown,Unknown,949,Channapatna Toys,6.856461985
REMAINING,"Channapatna Wooden Lagori, Pitthu Traditional Outdoor Game of India, Stacking Blocks & Ball for Children, Toddlers, Kids & Family, 2 Teams, Ages 6 +",Unknown,Unknown,Unknown,499,Channapatna Toys,6.214608098
REMAINING,Channapatna Wooden Magic Spinning Tops – Handcrafted Non-Toxic Traditional Whirling Toy for Kids,Unknown,Natural Wood,Unknown,249,Channapatna Toys,5.521460918
REMAINING,"Channapatna Wooden Marriage Tabla Set, Traditional Indian Music Set, 3 Pieces, Multicolor",Unknown,Unknown,"Each figurine measures approximately 15 cm in height, allowing for easy placement and admiration.",999,Channapatna Toys,6.907755279
REMAINING,Channapatna Wooden Montessori Rainbow Spinner Drum Toy with Rattle Sound & Stacking Toy for Babies (6+ Months) | Sensory & Fine Motor Skills,Unknown,Unknown,Unknown,1599,Channapatna Toys,7.377758908
REMAINING,"Channapatna Wooden Montessori Toys – Wooden Bus, Car, Rainbow Stacker & Maraca Rattle | Safe Educational Toy Gift Set for Toddlers, Kids 1-3 Years",Unknown,Natural wood,Unknown,1499,Channapatna Toys,7.313220387
REMAINING,Channapatna Wooden Pull Along Giraffe Toy – Yellow | GI Tagged Handcrafted Wooden Toy for Toddlers | Eco-Friendly & Child-Safe,Unknown,Sustainable Ivory Wood,Unknown,439,Channapatna Toys,6.086774727
REMAINING,"Channapatna Wooden Raja Rani Roly Poly Dolls, Set of 2, Multicolour",Unknown,Unknown,Unknown,1499,Channapatna Toys,7.313220387
REMAINING,Channapatna Wooden Stacking Toy & Roly Poly Toy Set for Kids (1+ Years) – Handcrafted Educational Toys | Multicolor,Unknown,Made from natural wood with non-toxic colors,Unknown,799,Channapatna Toys,6.684611728
REMAINING,"Channapatna Wooden Toy Scooter, Traditional Handcrafted, Red and Yellow",Unknown,Unknown,"Ideal dimensions for indoor play and display, featuring rotating wheels for enhanced engagement",830,Channapatna Toys,6.722629795
REMAINING,Channapatna toys Neem Wood Baby Teething Toys for Babies 0-12 Months Baby Toys 0-3-6-12 Months 4 Shapes Infant Toys Baby Teether Teethers for Babies,Unknown,Ivory wood (Wrightia tinctoria),Unknown,499,Channapatna Toys,6.214608098
REMAINING,Channapatna toys Neem Wooden Teethers for babies - brown - pack of 3 pieces,Unknown,Unknown,Unknown,399,Channapatna Toys,5.991464547
REMAINING,Channapatna toys Wood Baby Teething Ring Toys for Babies 0-12 Months Baby Toys 0-12 Months 2 Shapes Infant Toys Teethers for Babies Gifts Toys,Unknown,Unknown,Unknown,351,Channapatna Toys,5.863631176
REMAINING,Channapatna toys Wooden Bird Whistle Toys for Kids ( 1 Year+) - Set of 6 pcs - Multicolor - Discover Sounds,Unknown,Unknown,Unknown,679,Channapatna Toys,6.522092798
REMAINING,Channapatna toys Wooden Gilli Danda Set for kids (5 Years+) - set of 3 pcs | Traditional Indian Outdoor Action Game for Kids Age 5 Years and Above,Unknown,Unknown,Unknown,379,Channapatna Toys,5.940171253
REMAINING,Channapatna toys Wooden Police Couple Dolls for kids (3 Years+) 9 inch khaki color- Set of 2 pcs - Learning the professions,Unknown,Unknown,Unknown,799,Channapatna Toys,6.684611728
REMAINING,Channapatna toys Wooden Rainbow Spinner Drum & Stacking Toy with Rattle Sound for Babies (6+ Months) | Sensory & Fine Motor Skills,Unknown,Unknown,Unknown,1599,Channapatna Toys,7.377758908
REMAINING,"Channapatna toys Wooden Roly Poly Balancing Dolls for Kids (1 Years+) - Set of 2 Pieces , GI Tagged and ODOP Certified",Unknown,"Made with wood and colored with non toxic paints. No Batteries, No Plastic","9 x 12 cm & 9 x 18 cm Your little one will never tire of this wobbly friend who bounces back no matter what they do! Push, pull or grasp this cute doll, the rounded, weighted bottoms always delightfully spin them back upright for more play time fun",616,Channapatna Toys,6.424869024
REMAINING,Channapatna toys Wooden Slingshot/Gulel with rubber band for boys (5 years+) - Brown,Unknown,Unknown,Unknown,379,Channapatna Toys,5.940171253
REMAINING,Channapatna toys Wooden Slingshot/Gulel with rubber band for kids (5 years+) - Light Brown,Unknown,Unknown,Unknown,379,Channapatna Toys,5.940171253
REMAINING,Channapatna toys Wooden Snake Brainstorming Puzzle Cube Game Toy for Kids ( 14 years+) - ( 3x3x3 inches),Unknown,Unknown,Unknown,349,Channapatna Toys,5.857933154
REMAINING,Channapatna toys Wooden Traffic Police Couple Dolls for kids (3 Years+) 9 inch uniform color- Set of 2 pcs - Learning the professions,Unknown,Unknown,Unknown,799,Channapatna Toys,6.684611728
REMAINING,"Channapatna toys animals shaker rattle toys set of 3, elephant, bird & sheep",Unknown,Unknown,Unknown,599,Channapatna Toys,6.396929655
REMAINING,"Channapatna toys wooden rattle toys for baby, infants/newborn babies ( 0+ Years) -set of 5- multi color - Discover Sounds, Develops Sensory Skills",Unknown,Unknown,Unknown,759,Channapatna Toys,6.633318433
REMAINING,"Channapatna toys wooden rattles toys for baby, infants, new born babies (0+ Years) - set of 5 pcs - multicolor-Discover Sound,Develop Sensory Skill",Unknown,Ivory wood (Wrightia tinctoria),Unknown,727,Channapatna Toys,6.590301048
REMAINING,Classic Channapatna Spinning Tops Toys (3 Years+) - Traditional Lattu | Sustainable stress relief toy - Pack of 2 Pcs - Pambaram | Bongaram,Unknown,Unknown,Unknown,370,Channapatna Toys,5.916202063
REMAINING,"Copy of Channapatna Toys Premium Pull Along Toy Wooden Giraffe for Toddlers, Infant & Preschool Toys - with Attached String- Encourage Walking",Unknown,Unknown,Unknown,598,Channapatna Toys,6.395261598
REMAINING,"Eco-Friendly Montessori Wooden Puzzle Toys For 1 2 3 Year Old Boys Girls- Sorting & Stacking Toys For Baby Toddlers Blocks, Educational Shape Color",Unknown,Unknown,Unknown,569,Channapatna Toys,6.345636361
REMAINING,"Handcrafted unpainted wooden Russian nesting dolls (set of 5) made using GI-tagged Channapatna craft. DIY painting, Montessori learning creative play",Unknown,Unknown,Unknown,499,Channapatna Toys,6.214608098
REMAINING,"Interactive Learning Toys for Toddlers Wooden Shapes Puzzle, Montessori Brain Teaser Puzzle Board with 9 Geometric Shapes Toys for Kids, 3+ Years",Unknown,Unknown,Unknown,659,Channapatna Toys,6.492239835
REMAINING,MEERAN ART AND CRAFTS 100% Natural Wooden NEEM Spoon & Spatula with Kitchen Towel,Unknown,Unknown,Unknown,359,Channapatna Toys,5.886104031
REMAINING,MEERAN ART AND CRAFTS CHANNAPATNA Handmade Wooden Flower Vase for Home Living Room Decoration Handcrafted Wooden Flower Vase for Wall Shelf Center,Unknown,Unknown,Unknown,799,Channapatna Toys,6.684611728
REMAINING,"MEERAN ART AND CRAFTS CHANNAPATNA Handmade Wooden Jar, Wooden Container with Lid Cover for Tea Coffee Sugar Jar/Container/Storage Multipurpose",Unknown,Unknown,Unknown,479,Channapatna Toys,6.173786104
REMAINING,MEERAN ART AND CRAFTS CHANNAPATNA Wooden Salt/Spice Container - Kitchen or Dining Table Spice and Herb Container |Sugar Jar | Spice Bowl,Unknown,Unknown,"9.5 x 9.5 x 15.5 CM ,",499,Channapatna Toys,6.214608098
REMAINING,MEERAN ART AND CRAFTS Channapatna Toys Wooden Indian Traditional Couple,Unknown,Unknown,Unknown,489,Channapatna Toys,6.194405391
REMAINING,MEERAN ART AND CRAFTS Handmade Non toxic Foodsafe Natural NEEM Wood Spoons and Cutting Board with Kitchen Towel,Unknown,Unknown,Unknown,849,Channapatna Toys,6.745236349
REMAINING,MEERAN ART AND CRAFTS Handmade Non toxic wooden spoons set for cooking & serving (Natural Wood) Pack of 5 Pcs,Unknown,Unknown,Unknown,689,Channapatna Toys,6.536691598
REMAINING,"MEERAN ART AND CRAFTS Handmade Wooden Spoons for Serving & Cooking Set of 3 pcs | Kitchen Utensils | Non toxic, Foodsafe",Unknown,Unknown,Unknown,399,Channapatna Toys,5.991464547
REMAINING,Meeran Art & Crafts Handmade Wooden Cooking Spoons Food safe with Kitchen Cloth - Set of 3 pcs,Unknown,Wood; Color: Natural Wood,Unknown,399,Channapatna Toys,5.991464547
REMAINING,"Meeran Art & Crafts Natural Neem Wood Chopping Cutting Board for Kitchen Vegetables, Fruits & Cheese, BPA Free, Eco-Friendly, Anti-Microbial",Unknown,Unknown,Unknown,549,Channapatna Toys,6.309918278
REMAINING,Meeran Art And Crafts Reversible Wooden Cutting Board/Wooden Chopper Board for Kitchen with Wooden Spoon and Spatula As A Set of 3 pcs - Foodsafe,Unknown,Wood; Color: Natural Wood,Unknown,699,Channapatna Toys,6.551080335
REMAINING,"Meeran Art and Crafts Natural Neem Wood Cutting Chopping Board for Kitchen Vegetables, Fruits & Cheese, BPA Free, Eco-Friendly",Unknown,Unknown,Unknown,549,Channapatna Toys,6.309918278
REMAINING,"Montessori Wooden Toy Gift Set for Toddlers, Handcrafted Wooden Bus, Rainbow Stacker & Maraca Rattle, Educational, Learning Toy Set for Kids 1-3 Years",Unknown,Unknown,Unknown,1099,Channapatna Toys,7.003065459
REMAINING,"Reading & Spelling Learning Toy, Wooden Letters Flash Cards Sight Words Matching ABC Alphabet Game Preschool Educational Tool Set 3 4 5 Years Old Kids",Unknown,Unknown,Unknown,599,Channapatna Toys,6.396929655
REMAINING,"Traditional Channapatna Wooden Kathakalli Dancing Dolls, Hand-Painted, Set of 4, Multicolour",Unknown,Unknown,"Each peg doll measures approximately 10 centimetres in height, perfect for display or play",699,Channapatna Toys,6.551080335
REMAINING,"Traditional Premium Wooden Cooking/Kitchen Toy Play Set for Kids, Girls, Baby ( 2 Years+) 16 Pieces Toy Set Multicolor- Pretend & Play Preschool Toy",Unknown,Unknown,Unknown,799,Channapatna Toys,6.684611728
REMAINING,Two-in-one Early Education Set Bead Maze Toy for Toddlers Montessori Activity Twisting Caterpillar Toddler Activity Center Portable Travel Toys,Unknown,Unknown,Unknown,999,Channapatna Toys,6.907755279
REMAINING,Wooden Kendama Ball Toss and Catch Game Balancing Toy for Kids (3 Year+) - Develop Hand-Eye Coordination and Gross Motor Skills Set of 2 pcs,Unknown,Unknown,Unknown,629,Channapatna Toys,6.445719819
REMAINING,Wooden Shape Color Sorting Clock Teaching Time Number Blocks Stacking Sorter Simple Patterns Puzzle Montessori Early Learning Toy Gift for 3+ Year Old,Unknown,Unknown,Unknown,444,Channapatna Toys,6.098074282
REMAINING,"Wooden Shapes Puzzle Learning Toy, Montessori Brain Teaser Puzzle Board with 10 Geometric Shapes, Interactive Game Educational Toys for Kids, 3+ Years",Unknown,Unknown,Unknown,659,Channapatna Toys,6.492239835
REMAINING,"channapatna Traditional Premium Wooden Cooking/Kitchen Toy Play Set for Kids, Girls, Baby ( 2 Years+) 16 Pieces Toy Set Multicolor- Pretend & Play",Unknown,Unknown,Unknown,799,Channapatna Toys,6.684611728
REMAINING,channapatna toys Toys Wooden Spinning Tops for Kids (3 Years+) - Set of 3 Pcs - Multicolor - Curiosity & Fine Motor Skills,Unknown,Unknown,Unknown,429,Channapatna Toys,6.063785209
REMAINING,test,Unknown,Unknown,Unknown,1000,Channapatna Toys,6.908754779
REMAINING,Handmade Wooden Sensory Play Table,Activity Toy,Wood,Unknown,12311,Etsy,9.418329676
REMAINING,Self-running Wooden Animals,Activity Toy,Maple/beech wood,Unknown,1734,Etsy,7.458762692
REMAINING,Jumping Jack Cat Toy,Animal Toy,Wood,15 x 8.5 cm,4026,Etsy,8.300776961
REMAINING,Wooden Reindeer Toy,Animal Toy,Birch/beech wood,Unknown,3268,Etsy,8.092239407
REMAINING,Handmade Wooden Baby Rattle Non-Toxic Indian Toy,Baby Rattle,Wood,Unknown,1898.53,Etsy,7.549361766
REMAINING,Natural Tree Building Blocks,Building Blocks,Wood,50 blocks,8629,Etsy,9.062999784
REMAINING,Wooden Educational Geometric Blocks,Building Blocks,Beech wood,18.79 x 6.35 cm,4884,Etsy,8.493924564
REMAINING,Channapatna Baby Giraffe Puzzle Alphabet Numbers,Channapatna Puzzle,Wood,18 x 27 x 2 cm,5351.37,Etsy,8.585294732
REMAINING,Set of 2 Wood Puzzle Game Channapatna Brain Teaser,Channapatna Puzzle,Wood,10.5 cm and 13 cm diameter,2524.67,Etsy,7.834261653
REMAINING,Channapatna Baby Stacking Toy Puzzle Pastel Colorful,Channapatna Toy,Wood,21.5 x 8.5 x 5.5 cm,3750.08,Etsy,8.229799078
REMAINING,Channapatna Wood Wooden Toy Rattle Toddler Baby Toy,Channapatna Toy,Wood,23 x 10.5 cm,2516.99,Etsy,7.831216243
REMAINING,Indian Channapatna Folkart Toy Doll Rattle,Channapatna Toy,Wood,Unknown,1750.87,Etsy,7.468439068
REMAINING,Wooden Alphabet and Number Puzzles for Toddlers,Educational Puzzle,Wood,Unknown,8144,Etsy,9.005159521
REMAINING,Handmade Montessori Busy Board,Educational Toy,Wood/playwood,Unknown,10757,Etsy,9.283404943
REMAINING,Montessori Busy Board,Educational Toy,Birch plywood,Unknown,8717,Etsy,9.073145133
REMAINING,Montessori Busy Board Spaceship Control Panel,Educational Toy,Wood,Unknown,3464,Etsy,8.150467912
REMAINING,Montessori Knobbed Cylinder Blocks,Educational Toy,Wood,24 x 8 x 6.5 cm per block,4055,Etsy,8.307952545
REMAINING,Montessori Starter Set,Educational Toy,Acacia wood,Unknown,4791,Etsy,8.47470314
REMAINING,Toddler Busy Cube,Educational Toy,Wood,Unknown,37815,Etsy,10.54048757
REMAINING,Weather Set Wooden Toy,Educational Toy,Lime wood,Unknown,3157,Etsy,8.057694195
REMAINING,Wooden Montessori Wall Busy Board,Educational Toy,Wood,60 x 40 cm board,12072,Etsy,9.398726833
REMAINING,Handcrafted Open Ended Wooden Toy Figure Fairy Tale,Figurine Toy,Maple wood,15 cm high,1726,Etsy,7.454141078
REMAINING,Channapatna Etikoppaka Wooden Figurine,Indian Wooden Figurine,Wood,4 x 14 inches,6136.67,Etsy,8.72220047
REMAINING,Indian Handmade Lorry / Truck Showpiece,Indian Wooden Toy,Wood,Unknown,5394,Etsy,8.593227878
REMAINING,Handcrafted Open Ended Wooden Toy Castles,Open-ended Toy,Alder wood,Unknown,2198,Etsy,7.695757991
REMAINING,Handcrafted Open Ended Wooden Toy Tree,Open-ended Toy,Maple wood,21 cm high,4945,Etsy,8.506334448
REMAINING,Wooden Trees Toy Set,Open-ended Toy,Lime wood,9–13 cm high,6880,Etsy,8.836519269
REMAINING,Blank 12x16.5 Guest Book Wooden Puzzle,Puzzle,Wood/plywood,49 pieces; 16.5 x 12 in,1626,Etsy,7.394493107
REMAINING,Handcrafted 12-piece Wooden Puzzle,Puzzle,Wood,14 x 7 cm,2752,Etsy,7.920446505
REMAINING,Handmade Maple Wooden Puzzle,Puzzle,Maple wood,Unknown,4007,Etsy,8.296047643
REMAINING,Hilbert Curve Fractal Wooden Puzzle,Puzzle,Wood,Unknown,2685,Etsy,7.895808377
REMAINING,Peacock Wooden Puzzle,Puzzle,Wood/paper,Unknown,1844,Etsy,7.520234556
REMAINING,Personalized Wooden Puzzle,Puzzle,Wood,Unknown,1199,Etsy,7.090076836
REMAINING,Wolverine Wooden Puzzle Toy,Puzzle,Wood,Unknown,1725,Etsy,7.453561872
REMAINING,Wooden Puzzle Bear,Puzzle,Plywood/wood,12 pieces,2563,Etsy,7.849323818
REMAINING,Wooden Puzzle Blank Round Shape,Puzzle,Wood,32 pcs,751,Etsy,6.622736324
REMAINING,Wooden Puzzle for Kids - Various Shapes,Puzzle,Birch plywood,A5 / 148 x 210 mm,2313,Etsy,7.746732908
REMAINING,Wooden Zoo Puzzle,Puzzle,Wood,Unknown,5751,Etsy,8.657302899
REMAINING,"Mountain Wooden Toy, Wooden Stacker Toy",Stacking Toy,Alder wood,24 x 20 x 4.5 cm,4928,Etsy,8.502891407
REMAINING,Pyramid Wooden Stacker,Stacking Toy,Wood,Unknown,2342,Etsy,7.759187439
REMAINING,Wooden Neutral Color Stacker,Stacking Toy,Lime wood,Unknown,2487,Etsy,7.819234454
REMAINING,Wooden Shape Stacking Toy,Stacking Toy,Maple/cherry wood,Unknown,3100,Etsy,8.039479919
REMAINING,Wooden Snail Stacking Toy,Stacking Toy,Alder wood,16.5 x 6 x 2.5 cm,2579,Etsy,7.855544678
REMAINING,Wooden Stacking Toy,Stacking Toy,Wood,Unknown,911,Etsy,6.81563999
REMAINING,Montessori Toy Shelf,Toy Storage / Furniture,Birch plywood/MDF,70 x 35 cm,14179,Etsy,9.5595878
REMAINING,Handcrafted Wooden Horse Toy with Wheels,Toy Vehicle,Natural oak wood,4 x 3.15 x 2 in,2497,Etsy,7.823245691
REMAINING,Handmade Wooden Fire Truck Toy,Toy Vehicle,Wood,Unknown,23088,Etsy,10.04711159
REMAINING,Handmade Wooden Toy Vespa Scooter,Toy Vehicle,Wood,13 x 9 x 4 cm,7480,Etsy,8.920121752
REMAINING,Wood Toy Wagon for Small Tractor,Toy Vehicle,Wood,10 in long,1822,Etsy,7.508238775
REMAINING,Wooden Puzzle Train Set,Toy Vehicle,Beech wood,Unknown,11320,Etsy,9.334414687
REMAINING,Wooden School Bus Toy,Toy Vehicle,Wood,Unknown,4889,Etsy,8.494947582
REMAINING,Wooden Toy Car Set of 2,Toy Vehicle,Pine,4.5 in L x 3 in H x 2.5 in thick,2597,Etsy,7.862497197
REMAINING,Wooden Toy Car: Shellac Finished,Toy Vehicle,Wood,Unknown,2685,Etsy,7.895808377
REMAINING,Wooden Toy Car: Speedy Wheels Collection,Toy Vehicle,Wood,5.5 x 2.5 x 2.5 in,2685,Etsy,7.895808377
REMAINING,Wooden Toy Minivan,Toy Vehicle,Wood,3.5 x 2 x 1.5 in,1151,Etsy,7.049254841
REMAINING,Wooden Toy Sailboat,Toy Vehicle,Alder/cotton,8 in long,3721,Etsy,8.222016437
REMAINING,Wooden Toy Train Set with Trailer,Toy Vehicle,Beech wood,Unknown,7078,Etsy,8.864887934
REMAINING,Personalized Wooden Yoyo with Engraved Name,Yo-Yo,Wood,5.5 x 5.5 cm,1688,Etsy,7.431891917
REMAINING,Chess and Ludo board game SET OF 1,Activity Toy,Unknown,10,118,Meesho,4.779123493
REMAINING,"Multiple Games Set of 2 Ludo + Chess + Snakes & Ladders, Size 12x12 Inches, Type MDF Wood",Activity Toy,MDF Wood,12x12 inches,161,Meesho,5.087596335
REMAINING,Wooden Premium Quality Ludo+Snake ladder,Activity Toy,Unknown,Free Size,111,Meesho,4.718498871
REMAINING,Body Parts wooden Jigsaw Preschool & Playgroup Educational Puzzle kids toys for age 2 to 5 year baby boys & gils,Educational Toy,Wood,Free Size,106,Meesho,4.672828834
REMAINING,Kids Wooden Learning Puzzle Board | Alphabet & Numbers Educational Toy,Educational Toy,Wood,20*20*2,199,Meesho,5.298317367
REMAINING,Wooden Alphabet & Number Puzzle Board for Kids | Early Learning Educational Toy,Educational Toy,Wood,20*20*2,177,Meesho,5.18178355
REMAINING,"Wooden Alphabet Puzzle Toys, ABC Letter & Number Puzzle for Toddlers 18+ Months Old",Educational Toy,Wood,20*20*2,110,Meesho,4.709530201
REMAINING,Wooden Educational Creative learning A To Z English Alphabets Board Puzzle,Educational Toy,Wood,20X10X3,124,Meesho,4.828313737
REMAINING,Wooden Educational Creative learning A To Z English Alphabets Board Puzzle,Educational Toy,Unknown,12*8*6,144,Meesho,4.976733742
REMAINING,"Wooden Educational Puzzle Board Set for Kids | Alphabet, Numbers & Shapes Learning Toy",Educational Toy,Wood,20*20*2,175,Meesho,5.170483995
REMAINING,"Wooden Learning Educational Board for Kids, Alphabet & Number & Shape Puzzles for Kids",Educational Toy,Unknown,20*20*3,199,Meesho,5.298317367
REMAINING,"Wooden Learning Educational Board for Kids, Puzzle Toys for 2 Years Old Boys & Girls (Alphabets, Numbers & Shapes)",Educational Toy,Wood,4*4,188,Meesho,5.241747015
REMAINING,"Wooden Learning Educational Board for Kids, Puzzle Toys for 2 Years Old Boys & Girls Educational Toys for Toddlers & Preschoolers, ABCD for Kids",Educational Toy,Wood,12*10*10,192,Meesho,5.262690189
REMAINING,"Wooden Learning Educational Game Board for Kids, Puzzle Toys for 2 Years Old Boys & Girls (Alphabets, Numbers & Shapes)",Educational Toy,Wood,15*10*3,189,Meesho,5.247024072
REMAINING,"Wooden Learning Educational Game Board for Kids, Puzzle Toys for 2 Years Old Boys & Girls (Alphabets, Numbers & Shapes)",Educational Toy,Wood,19.8 x 19.8 x 2,188,Meesho,5.241747015
REMAINING,"Wooden Learning Puzzle Board for Kids | Alphabet Letters, Numbers & Shapes To",Educational Toy,Wood,20*20*2,171,Meesho,5.147494477
REMAINING,Wooden Shape Puzzle Board for Kids | Montessori Educational Toy with Colourful Geometric Shapes,Educational Toy,Unknown,Free Size,98,Meesho,4.59511985
REMAINING,kids Wooden Educational Creative learning A To Z English Alphabets Board Puzzle,Educational Toy,Unknown,12*8*5,117,Meesho,4.770684624
REMAINING,"Kids Montessori Slide Puzzle I Color & Pattern Matching Learning Toys for Kids, Color Coder Wooden Puzzle 4-8 Years",Puzzle,Wood,21.6 X 16.8 X 1,189,Meesho,5.247024072
REMAINING,"Wooden Russian Blocks Puzzles for Kids Adults, Wood Intelligence Kids Toys",Puzzle,Wood,Free Size,166,Meesho,5.117993812
REMAINING,ARIRO TOYS Kids Wooden Grasping Beads Activity Toys,Activity Toy,Wood,Unknown,249,Myntra,5.521460918
REMAINING,Kids Memory Game- Brain Puzzle & Memory Matching Wooden Toy,Activity Toy,Cardboard,Pack,1499,Myntra,7.313220387
REMAINING,Kids Wooden Jet Aeroplane DIY KIT Puzzle,Activity Toy,MDF Wood,Pack,298,Myntra,5.700443573
REMAINING,Kids Wooden Push & Pull Hen Animal Toys,Activity Toy,Wood,Pack,380,Myntra,5.942799375
REMAINING,Kids Wooden Wheels Push & Pull Animal Duck Toys,Activity Toy,Wood,Pack,308,Myntra,5.733341277
REMAINING,MiArcus Kids Wooden Bell Toy,Activity Toy,Wood,Onesize,799,Myntra,6.684611728
REMAINING,shumee Kids Flower Garden Wooden Gear Toys,Activity Toy,Wood,Unknown,999,Myntra,6.907755279
REMAINING,shumee Kids Multi-Coloured Wooden Rainbow Spinner Activity Toy,Activity Toy,Wood,Unknown,1499,Myntra,7.313220387
REMAINING,PLANET of Toys Kids Canvas Painting Kit & Water Color Tube,Art & Craft,Wood & paper,Onesize,843,Myntra,6.738152495
REMAINING,Kuber Industries Slingshot Board Game with 10 Pucks,Board Game,Wood,Unknown,1399,Myntra,7.244227516
REMAINING,MUREN Kids Scratch Resistant 2 in 1 Wooden Shisima & Tic Tac Toe Board Game,Board Game,Wood,Onesize,1999,Myntra,7.60090246
REMAINING,Unravel India Set of 2 Chess Brass Chess Set with Wooden Board,Board Game,Wood,Onesize,6599,Myntra,8.794824928
REMAINING,CHANAK Math Genius Wooden Numbers,Educational Toy,Wood,Onesize,899,Myntra,6.802394763
REMAINING,Kids Brown & Red Wooden Counting Numbers Activity Toy,Educational Toy,Wood,Pack,619,Myntra,6.429719478
REMAINING,Kids Montessori Learning Wooden Toys,Educational Toy,Wood,Pack,3300,Myntra,8.101980732
REMAINING,Kids Wooden Alphabet Puzzle Educational Montessori Board 2+,Educational Toy,Wood,Onesize,306,Myntra,5.726847748
REMAINING,Kids Wooden Kannada Letters Tracing Board,Educational Toy,Wood,Onesize,589,Myntra,6.380122537
REMAINING,PLANET of Toys Urdu Alphabet and Number Wooden Board Peg,Educational Toy,Wood,Unknown,899,Myntra,6.802394763
REMAINING,Wooden Pattern Tracing Board,Educational Toy,Wood,Onesize,898,Myntra,6.801283034
REMAINING,Wooden Tracing Board for Learning to Write Number 0 to 10 for Kids 3+ Yrs,Educational Toy,Wood,Onesize,599,Myntra,6.396929655
REMAINING,shumee Kids Green Printed 5-in-1 Wooden Activity Triangle Learning Toy,Educational Toy,Wood,Unknown,2999,Myntra,8.006367568
REMAINING,shumee Kids Yellow & Orange 3-in-1 Wooden Number & Shape Sorting House,Educational Toy,Wood,Unknown,1999,Myntra,7.60090246
REMAINING,MiArcus Kids Wooden Maracas Toy Pack of 2,Musical Toy,Wood,Onesize,1274,Myntra,7.150701458
REMAINING,shumee Kids Wooden Lion Tambourine,Musical Toy,Wood,Unknown,1399,Myntra,7.244227516
REMAINING,Clapjoy Kids Wooden Toy House with Furniture Do-It-Yourself Kit,Pretend Play,Wood,Pack,474,Myntra,6.163314804
REMAINING,Kids 5-Pcs Wooden Shop & Roll Grocery Set,Pretend Play,Wood,Onesize,1490,Myntra,7.307202315
REMAINING,Wooden Multicolored Marshall's Fire Station Pretend Play Toy Set,Pretend Play,Wood,Onesize,5500,Myntra,8.612685173
REMAINING,shumee Kids Yellow Lil Chef's Wooden Cooking Set,Pretend Play,Wood,Unknown,1599,Myntra,7.377758908
REMAINING,BAESD Kids Pack of 2 Wooden Block Puzzle Activity Toys and Games,Puzzle,Wood,Unknown,599,Myntra,6.396929655
REMAINING,DeoDap Wooden Tumbling Tower Block Puzzle,Puzzle,Wood,Unknown,999,Myntra,6.907755279
REMAINING,Jambuwala Enterprise India Map Wooden Puzzle Game,Puzzle,Wood,Onesize,418,Myntra,6.03787092
REMAINING,Kids Maze Puzzle Wooden Toys,Puzzle,Wood,Onesize,245,Myntra,5.505331536
REMAINING,Kids Wooden Shape Sorting Board Fishing Puzzle Toys,Puzzle,Wood,Onesize,1999,Myntra,7.60090246
REMAINING,Wembley Toys Kids Wooden Alphabetical Puzzle Board,Puzzle,Wood,Onesize,699,Myntra,6.551080335
REMAINING,Wooden Number Knob Puzzle Toy Learning and Development Toys,Puzzle,Wood,Onesize,351,Myntra,5.863631176
REMAINING,shumee Kids Set of 3 Wooden Shapes Peg Puzzle Activity Toy,Puzzle,Wood,Unknown,1295,Myntra,7.167037877
REMAINING,Multicolored Flower Wooden & BPA Free Silicone Baby Teether,Rattle,Wood,Onesize,440,Myntra,6.089044875
REMAINING,shumee Kids Wooden Fish Rattle,Rattle,Wood,Unknown,545,Myntra,6.302618976
REMAINING,Ed-a-Mamma Wooden Toy Vehicles,Toy Vehicle,Wood,Onesize,1999,Myntra,7.60090246
REMAINING,Kids Wooden Tractor Toys,Toy Vehicle,Wood,Onesize,302,Myntra,5.713732806
REMAINING,LITTLE GINNIE Wooden Train Toy,Toy Vehicle,Wood,Onesize,635,Myntra,6.455198563
REMAINING,Desi Toys Kids Pack of 10 Gilli Danda Outdoor Stick Game Wooden Toy,Traditional Game,Wood,Unknown,3990,Myntra,8.291797105
REMAINING,Desi Toys Kids Pack of 10 Spinning Tops Wooden Toy Lattu Bhawra,Traditional Game,Wood,Unknown,1990,Myntra,7.596392304
REMAINING,Desi Toys Kids Pack of 10 Wooden Toy Slingshot Traditional Gulel,Traditional Game,Wood,Unknown,4990,Myntra,8.515391569
REMAINING,Funskool Traditional Lagori Game for 6+ Years,Traditional Game,Wooden blocks,Onesize,296,Myntra,5.693732139
REMAINING,Wooden Grasping Beads in Natural Finish,Baby Grasping Toy,Engineered Wood,3.3 x 5.3 x 5.3 cm,249,Pepperfry,5.521460918
REMAINING,Wooden Rolling Rattle in Natural Finish,Baby Rattle,Engineered Wood,7.4 x 7.4 x 15 cm,599,Pepperfry,6.396929655
REMAINING,Rainbow Wooden Cube Building Blocks Set of 36 in Multicolour,Building Blocks,Mango Wood,5 x 25 x 25 cm,1399,Pepperfry,7.244227516
REMAINING,Wooden Bench and Bridge Garden Toy,Miniature Toy,Wooden/handicraft item,Not exposed,599,Pepperfry,6.396929655
REMAINING,Set of 5 Red Wooden Hand Painted Stacking Nested Dolls,Nesting Doll Toy,Wood,20 x 8 x 8 cm,399,Pepperfry,5.991464547
REMAINING,Wooden Handmade Crafted Green Color Doll Hand Painted - Nesting Doll Set of 5,Nesting Doll Toy,Wood,20 x 8 x 8 cm,399,Pepperfry,5.991464547
REMAINING,Wooden Handmade Crafted Yellow Color Doll Hand Painted - Nesting Doll Set of 5,Nesting Doll Toy,Wood,20 x 8 x 8 cm,399,Pepperfry,5.991464547
REMAINING,Small Wooden Houses Set of 15 in Multicolour,Open-ended Building Toy,Mango Wood,20 x 20 x 20 cm,1299,Pepperfry,7.170119543
REMAINING,Push Walker in Blue Colour,Push/Walker Toy,Engineered Wood,40.6 x 30.5 x 27.9 cm,3500,Pepperfry,8.160803921
REMAINING,Light Brown Engineered Wood 12 Pieces Bro Puzzle Gift Set,Puzzle,Engineered Wood,Not exposed,399,Pepperfry,5.991464547
REMAINING,Wooden Puzzle Leaf in Green Colour,Puzzle,Engineered Wood,2 x 22.5 x 30 cm,999,Pepperfry,6.907755279
REMAINING,Hobby Horse Self Balance in Natural Wooden Finish,Role-play Toy,Engineered Wood,5.1 x 22.9 cm,1380,Pepperfry,7.230563153
REMAINING,Rainbow Stacker Set of 6 in Multicolour,Stacking Toy,Beech Wood,10 x 20 x 7 cm,899,Pepperfry,6.802394763
REMAINING,Wooden Teethers-Treats in Natural Finish,Teether,Engineered Wood,8 x 6.4 x 0.8 cm,599,Pepperfry,6.396929655
REMAINING,Blue Hand Carved Mango Wood Laughing Head Figurine,Wood Figurine,Mango Wood,7 x 6.5 x 8 cm,2399,Pepperfry,7.783224016
REMAINING,Brown Hand Craved Mango Wood Elephant Figurine,Wood Figurine,Mango Wood,17 x 3.5 x 23.5 cm,3499,Pepperfry,8.160518247
REMAINING,Couple Horse Set Of 2 Yellow Wood Figurine,Wood Figurine,Wood,18 x 13 x 30 cm,4849,Pepperfry,8.486733984
REMAINING,Dearest Little Deer Brown Solid Wood (Set of 2) Figurines,Wood Figurine,Solid Wood,16 x 8 x 35 cm,699,Pepperfry,6.551080335
REMAINING,Elephant Mango Wood Figurine,Wood Figurine,Solid Wood,25.4 x 40.6 x 12.7 cm,1849,Pepperfry,7.522940918
REMAINING,Floral Elephant Mango Wood Figurine,Wood Figurine,Mango Wood,Not exposed,1849,Pepperfry,7.522940918
REMAINING,Grey Hand Carved Mango Wood Sleeping Head Figurine,Wood Figurine,Mango Wood,Not exposed,2449,Pepperfry,7.803843304
REMAINING,Handcrafted Elephant Black Wood Figurine,Wood Figurine,Wood,Not exposed,4149,Pepperfry,8.330863613
REMAINING,Horse Head Black Wood Figurine,Wood Figurine,Wood,Not exposed,4149,Pepperfry,8.330863613
REMAINING,Orange Hand Carved Mango Wood Sleeping Head Figurine,Wood Figurine,Mango Wood,9.5 x 9 x 7 cm,2449,Pepperfry,7.803843304
REMAINING,Poise of Purity Brown Solid Wood Figurine,Wood Figurine,Solid Wood,17 x 17 x 70 cm,799,Pepperfry,6.684611728
REMAINING,Red Hand Carved Mango Wood Laughing Head Figurine,Wood Figurine,Mango Wood,7 x 6.5 x 8 cm,2299,Pepperfry,7.740664402
REMAINING,Rolling The Trump Brown Solid Wood (Set of 3) Figurines,Wood Figurine,Solid Wood,48 x 8 x 18 cm,1349,Pepperfry,7.207859871
REMAINING,Spirited Rider Brown Solid Wood (Set of 2) Figurines,Wood Figurine,Solid Wood,18 x 12 x 67 cm,1049,Pepperfry,6.956545443
REMAINING,The Dance Of Color Grace Brown Solid Wood Figurine,Wood Figurine,Solid Wood,Not exposed,1099,Pepperfry,7.003065459
REMAINING,The Mama and Ba,Wood Figurine,Solid Wood,25 x 17 x 61 cm,599,Pepperfry,6.396929655
REMAINING,Vintage Hand Carved Mango Wood Laughing Head Figurine,Wood Figurine,Mango Wood,Not exposed,2449,Pepperfry,7.803843304
REMAINING,Yellow Wooden Savitri and Shiva Idol,Wood Figurine/Idol,Wood,12.95 x 12.95 x 36.83 cm,7399,Pepperfry,8.909235279
