section,product_name,category,material,price,platform,size_numeric,log_price
COMMON,Channapatna Handcrafted Wooden Peg Dolls Non-Toxic | Open-Ended Play | Montessori Inspired | 2+ Years,Open-ended / Pretend Play / Educational Toys,Natural Wood,449.0,ChannapatnaToys,2.0,6.1092475827643655
COMMON,"Wooden Learning Educational Game Board for Kids, Puzzle Toys for 2 Years Old Boys & Girls (Alphabets, Numbers & Shapes)",Educational Toy,Wood,197.0,Meesho,2.0,5.288267030694535
COMMON,"Kids Set of 3 Brown Wooden Learning Board Alphabets, Numbers & Shapes Puzzle Toys",Educational Toy,Wood,1199.0,Myntra,8.474133333333333,7.090076835776092
COMMON,shumee Kids Beige Rocking Horse Activity Toy,Rocking Toy,Wood,6999.0,Myntra,8.474133333333333,8.85366542803745
COMMON,Montessori Wooden Peg Toy,Educational Toy,Wood,3834.0,Etsy,8.474133333333333,8.251924713801357
COMMON,Shumee Multicolor Wooden Rocking Horse,Rocking Toy,Wood,5800.0,Pepperfry,8.474133333333333,8.665785595466064
REMAINING,CHANNAPATNA TOYS Peg Dolls Wooden Essential Workers/Community Helpers Pretend Play Figurines for Kids & Toddlers (2 Years+) - Pack of 6 Professions,Open-ended / Pretend Play / Educational Toys,Natural Wood,595.0,Channapatna Toys,8.474133333333333,6.39024066706535
REMAINING,CHANNAPATNA TOYS Peg Dolls Wooden Painted Superheroes Set Pretend Play Figurines -Handmade Play Kit for Kids & Toddlers (2 Years+) - Pack of 5 pcs,Open-ended / Pretend Play / Educational Toys,Natural Wood,549.0,Channapatna Toys,8.474133333333333,6.309918278226516
REMAINING,CHANNAPATNA TOYS Wood Peg Dolls Essential Workers Pretend Play Figurines - Colorful Diverse Wooden Toys for Kids & Toddlers (2 Years+) - Pack of 6 pcs,Open-ended / Pretend Play / Educational Toys,Natural Wood,559.0,Channapatna Toys,8.474133333333333,6.327936783729195
REMAINING,"CHANNAPATNA TOYS Wooden Family Peg Dolls For Kids Pretend Play, Open Ended Toys, Waldorf Inspired, (2 Years+, 4 Inch Multicolor, Pack Of 4)",Open-ended / Pretend Play / Educational Toys,Natural Wood,439.0,Channapatna Toys,8.474133333333333,6.0867747269123065
REMAINING,"CHANNAPATNA TOYS Wooden Peg Dolls Indian Family - Non Toxic Colors (2 Years+) - Set of 3 Wooden Dolls | Pretend Play, Open Ended Toys",Open-ended / Pretend Play / Educational Toys,Natural Wood,429.0,Channapatna Toys,8.474133333333333,6.063785208687608
REMAINING,Channapatna Handcrafted Wooden Peg Dolls – Traditional Indian Couple (Set of 2) | GI-Tagged Craft | Non-Toxic Colors | 2 Years+,Open-ended / Pretend Play / Educational Toys,Natural Wood,449.0,Channapatna Toys,8.474133333333333,6.1092475827643655
REMAINING,Channapatna Toys Peg Dolls Wooden Doctors Family Pretend Play Figurines - Colorful Diverse Natural Toys | Organic Handmade Play Kit for Kids&Toddlers,Open-ended / Pretend Play / Educational Toys,Natural Wood,449.0,Channapatna Toys,8.474133333333333,6.1092475827643655
REMAINING,Channapatna Toys Peg Dolls Wooden Painted Family Pretend Play Figurines - Colorful Diverse Natural Toys | Organic Handmade Play Kit for Kids&Toddlers,Open-ended / Pretend Play / Educational Toys,Natural Wood,449.0,Channapatna Toys,8.474133333333333,6.1092475827643655
REMAINING,Channapatna Toys Peg Dolls Wooden Painted Family Pretend Play Figurines - Colorful Diverse Natural Toys |Organic Handmade Play Kit for Kids & Toddler,Open-ended / Pretend Play / Educational Toys,Natural Wood,499.0,Channapatna Toys,8.474133333333333,6.214608098422191
REMAINING,Channapatna Toys Peg Dolls Wooden Unfinished for DIY Craft Set Unpainted Family Pretend Play Figurines - Colorful Diverse Natural Toys,Open-ended / Pretend Play / Educational Toys,Natural Wood,359.0,Channapatna Toys,8.474133333333333,5.886104031450156
REMAINING,"Channapatna Toys Wooden Peg Dolls Family ( 3 Years+) - Pack of 4 | Pretend Play, Open Ended Toys, Waldorf Inspired, Improves Childs Imagination",Open-ended / Pretend Play / Educational Toys,Natural Wood,449.0,Channapatna Toys,8.474133333333333,6.1092475827643655
REMAINING,"Channapatna Toys Wooden Peg Dolls Family Non Toxic Colors ( 2 Years+) - Set of 4 Wooden Dolls | Pretend Play, Open Ended Toys, Waldorf Inspired",Open-ended / Pretend Play / Educational Toys,Natural Wood,449.0,Channapatna Toys,8.474133333333333,6.1092475827643655
REMAINING,"Channapatna Toys Wooden Peg Dolls Modern Family Non Toxic Colors ( 2 Years+) - Set of 4 Wooden Dolls | Pretend Play, Open Ended Toys, Waldorf Inspired",Open-ended / Pretend Play / Educational Toys,Natural Wood,449.0,Channapatna Toys,8.474133333333333,6.1092475827643655
REMAINING,"Channapatna Toys Wooden Peg Dolls Poojari Family Non Toxic Colors ( 2 Years+) - Set of 4 Wooden Dolls | Pretend Play, Open Ended Toys",Open-ended / Pretend Play / Educational Toys,Natural Wood,449.0,Channapatna Toys,8.474133333333333,6.1092475827643655
REMAINING,"Channapatna Toys Wooden Peg Dolls South Indian Couples Non Toxic Colors ( 2 Years+) - Set of 6 Wooden Dolls | Pretend Play, Open Ended Toys",Open-ended / Pretend Play / Educational Toys,Natural Wood,689.0,Channapatna Toys,8.474133333333333,6.536691597591305
REMAINING,Channapatna Wooden Hand-Painted Raja Rani Peg Dolls | Traditional Indian Couple Figurines | Eco-Friendly Decorative Toy Set for Kids & Home Décor,Open-ended / Pretend Play / Educational Toys,Natural Wood,499.0,Channapatna Toys,8.474133333333333,6.214608098422191
REMAINING,"Channapatna Wooden Peg Dolls Set of 8 - Handcrafted Multicultural Figurines for Kids, Montessori Educational Toys, Non-Toxic, Made in India",Open-ended / Pretend Play / Educational Toys,Natural Wood,1199.0,Channapatna Toys,8.474133333333333,7.090076835776092
REMAINING,"Channapatna Wooden Peg Dolls Set, Doctors Family Figurines, Pretend Play Toys",Open-ended / Pretend Play / Educational Toys,Natural Wood,499.0,Channapatna Toys,8.474133333333333,6.214608098422191
REMAINING,"Channapatna Wooden Space Peg Dolls Set, Astronaut and Alien Figures, Rocket Montessori Educational Toy, Solar System-Themed Toy Set",Open-ended / Pretend Play / Educational Toys,Natural Wood,699.0,Channapatna Toys,8.474133333333333,6.551080335043404
REMAINING,"Channapatna toys Wooden Peg Dolls Bengali Couple Non Toxic Colors (2 Years+) - Set of 2 Wooden Dolls | Pretend Play, Open Ended Toys",Open-ended / Pretend Play / Educational Toys,Natural Wood,369.0,Channapatna Toys,8.474133333333333,5.91350300563827
REMAINING,"Channapatna toys wooden family peg dolls for kids (2 Years+)- 4-inch Multicolor -pack of 4 - pretend play, open-ended toys, Waldorf inspired",Open-ended / Pretend Play / Educational Toys,Natural Wood,419.0,Channapatna Toys,8.474133333333333,6.040254711277414
REMAINING,"Traditional Channapatna Wooden Peg Dolls, Marathi Couple in Traditional Attire, Handcrafted Indian Folk Art",Open-ended / Pretend Play / Educational Toys,Natural Wood,429.0,Channapatna Toys,8.474133333333333,6.063785208687608
REMAINING,"Wooden Christmas Peg Doll Figurines Set of 7 – Handcrafted Holiday Decor (Santa, Snowman, Tree, Gingerbread) – Non-Toxic, Eco-Friendly & Home Decor",Open-ended / Pretend Play / Educational Toys,Sustainable Wood,999.0,Channapatna Toys,8.474133333333333,6.907755278982137
REMAINING,"Wooden Peg Dolls - Handcrafted DIY Craft Set for Kids | Ideal for Pretend Play, and Montessori Education | 10 Pcs (5 Male & 5 Female) | 9.5 cm New",Open-ended / Pretend Play / Educational Toys,Natural Wood,799.0,Channapatna Toys,10.0,6.684611727667927
REMAINING,MEERAN ART AND CRAFTS CHANNAPATNA Toys Indian Old Traditional Wooden Marriage Tabla Set,Pretend Play / Cultural Toys / Decor,Natural Wood,999.0,Channapatna Toys,8.474133333333333,6.907755278982137
REMAINING,4Pcs Christmas Hand Jingle Bells Handheld Sleigh Bells Wooden Handle Bells Rattles Musical Rhythm Percussion Instruments Children Musical Toys,Baby Rattle,Ivory wood (Wrightia tinctoria),499.0,Channapatna Toys,4.0,6.214608098422191
REMAINING,"5-in-1 Wooden Activity Triangle Learning Toy| Learn Alphabets, Time & Movement with Abacus, Drawing Writing Board, Alphabet Blocks, Clock & Gears",Educational Toy,Wood,2199.0,Channapatna Toys,5.0,7.696212639346407
REMAINING,"Authentic Channapatna Wooden Baby Rattle Toys set for Infants, New Born Babies (0+Years)-Set of 6 pcs-Discover Sounds, Develops Sensory Skills (Oval)",Baby Rattle,Wood,798.0,Channapatna Toys,8.474133333333333,6.683360945766275
REMAINING,Authentic Channapatna Wooden Baby Rattle Toys – Set of 6 pcs,Baby Rattle,Ivory wood (Wrightia tinctoria),798.0,Channapatna Toys,8.474133333333333,6.683360945766275
REMAINING,"Authentic Channapatna Wooden Rattles Toys for Baby, Infants, New Born Babies Toys, Kids (0-12 months) - Set of 7 pcs - Multicolor - Discover Sounds",Baby Rattle,Ivory wood (Wrightia tinctoria),847.0,Channapatna Toys,8.474133333333333,6.742880635791903
REMAINING,"Authentic Channapatna wooden baby rattle toys for infants, Ecofriendly baby toys, New born babies (0-12 months) - set of 6 pcs",Baby Rattle,Seasoned Hale Wood & Natural Lacquer.,798.0,Channapatna Toys,8.474133333333333,6.683360945766275
REMAINING,CHANNAPATNA Handmade Small Sized Wooden Pots with Home Decorative Wooden Wall Hanging/Display Hut Shape for Home/Kitchen/Office/Bedroom/Living Room,Educational Toy,Wood,599.0,Channapatna Toys,8.474133333333333,6.396929655216146
REMAINING,"CHANNAPATNA Handmade Wooden Spices Masala Jar, Wooden Container with Lid Cover for Tea Coffee Sugar Jar/Container/Storage Multipurpose",Home Decor,Wood,1249.0,Channapatna Toys,8.474133333333333,7.1308988302963465
REMAINING,"CHANNAPATNA Montessori Natural Wooden Developmental Toys for Babies Rainbow Stacking Toy, Roly Poly Toy, Spinning Tops - Toddlers 1+ (Set of 3)",Educational Toy,Natural Wood,1799.0,Channapatna Toys,8.474133333333333,7.495541943884256
REMAINING,CHANNAPATNA TOYS 10 Piece Wooden Wild Animals/Forest Animals/Classic Toy for Pretend Play/Educational Balancing Toy,Educational Toy,Wood,1499.0,Channapatna Toys,10.0,7.313220387090301
REMAINING,"CHANNAPATNA TOYS Handcrafted Wooden Keychains Set of 4, Multicolored",Art & Craft,Wood,499.0,Channapatna Toys,8.474133333333333,6.214608098422191
REMAINING,"CHANNAPATNA TOYS Montessori Learning Wooden Toys | Box 5: 6-9 Months | Early Child Development, Sensory Learning, Develop, Problem/Puzzle Solving",Educational Toy,Wood,799.0,Channapatna Toys,9.0,6.684611727667927
REMAINING,"CHANNAPATNA TOYS Montessori Learning Wooden Toys | Box 6: 6-9 Months | Early Child Development, Sensory Learning, Develop, Problem/Puzzle Solving",Educational Toy,Wood,849.0,Channapatna Toys,9.0,6.745236349484363
REMAINING,"CHANNAPATNA TOYS Montessori Learning Wooden Toys | Box 7: 6-9 Months | Early Child Development, Sensory Learning, Develop, Problem/Puzzle Solving",Educational Toy,Wood,1549.0,Channapatna Toys,9.0,7.346010209913293
REMAINING,"CHANNAPATNA TOYS Montessori Toys for 2 3 Year Old Unisex Toddlers, Wooden Sorting & Stacking Toys Kids Preschool, Educational Puzzle Set",Educational Toy,Wood,474.0,Channapatna Toys,3.0,6.163314804034641
REMAINING,CHANNAPATNA TOYS Organic Wooden Ice Cream Stacking Toy for Kids - (1 Year+) - Montessori Toys for Toddlers 1-3 Years Old and Up - Multicolor,Educational Toy,Wood,649.0,Channapatna Toys,3.0,6.476972362889683
REMAINING,"CHANNAPATNA TOYS Pull Along Wooden Train & Stacking Toy for 12 Months + Kids, Toddlers, Infant & Preschool Toys - Set of 2 pcs- Multicolor",Building Blocks,Wood,849.0,Channapatna Toys,8.474133333333333,6.745236349484363
REMAINING,"CHANNAPATNA TOYS Shape Sorting Cube-Classic Montessori Wooden Toy with 15 Shapes-Kids Shape Sorter Toys for Toddlers Ages 2+, 12 Pcs",Educational Toy,Wood,949.0,Channapatna Toys,15.0,6.856461984594587
REMAINING,CHANNAPATNA TOYS Unfinished Wood Peg Doll Family Set - 4 Natural Wooden Dolls for DIY Crafts and Pretend Play - Free Colors & Brush for Kids 2+,Open-ended / Pretend Play / Educational Toys,Natural Wood,399.0,Channapatna Toys,4.0,5.991464547107982
REMAINING,"CHANNAPATNA TOYS Wooden Baby Rattle & 1 Animal Shaker Toys Set for Infants, New Born Babies (0+ Years) - Set of 5 pcs - Multicolor - Discover sounds",Baby Rattle,Wood,847.0,Channapatna Toys,8.474133333333333,6.742880635791903
REMAINING,"CHANNAPATNA TOYS Wooden Bowling Pins Toy & Cup and Ball Game Set for Kids (2 Years+) - Non Toxic Colors, Indoor & Outdoor Game, Fun Learning for Kids",Educational Toy,Wood,999.0,Channapatna Toys,2.0,6.907755278982137
REMAINING,CHANNAPATNA TOYS Wooden Christmas Russian Nesting Dolls Set for Kids (2 Years+) - 6 Inch Multicolor - Set of 5 pcs,Doll,Wood,639.0,Channapatna Toys,8.474133333333333,6.461468176353717
REMAINING,CHANNAPATNA TOYS Wooden Christmas Toys Peg Dolls Family Pretend Play Figurines - Colorful Toys for Kids & Toddlers (2 Years+) - Pack of 5 pcs,Open-ended / Pretend Play / Educational Toys,Wood,569.0,Channapatna Toys,8.474133333333333,6.345636360828596
REMAINING,"CHANNAPATNA TOYS Wooden Colourful Rainbow Roly Poly Toy for Baby, Toddlers, Kids(1 Year+) Wobbling Tumbler Toy- Develops Curiosity & Motor Skills",Baby Rattle,"Made with wood and colored with non toxic paints. No Batteries, No Plastic",499.0,Channapatna Toys,1.0,6.214608098422191
REMAINING,"CHANNAPATNA TOYS Wooden Family Peg Dolls Set of 8 – Handcrafted Traditional Indian Family Figures, Montessori Pretend Play Toys for Kids, Non-Toxic",Educational Toy,Wood,849.0,Channapatna Toys,8.474133333333333,6.745236349484363
REMAINING,CHANNAPATNA TOYS Wooden Indian Flag Russian Nesting Dolls Set for Kids (2 Years+) - 6 Inch Multicolor - Set of 5 pcs - Improves Hand Eye Coordination,Doll,Made from natural cuts of wood and decorated with safe water-based paints,649.0,Channapatna Toys,8.474133333333333,6.476972362889683
REMAINING,CHANNAPATNA TOYS Wooden Indian Pot Lady Doll for Kids (3 Years+) 8 inch Multi Color- Learning The Professions,Educational Toy,Wood,399.0,Channapatna Toys,20.32,5.991464547107982
REMAINING,CHANNAPATNA TOYS Wooden Nativity Christmas Russian Nesting Dolls Set for Kids (2 Years+) 6 Inch Multicolor - Set of 5 pcs Improves Fine Motor Skills,Doll,Wood,549.0,Channapatna Toys,8.474133333333333,6.309918278226516
REMAINING,CHANNAPATNA TOYS Wooden Prince & Princess Peg Dolls | Montessori Open-Ended Pretend Play | Traditional Indian Handcrafted Toy (Set of 2),Educational Toy,Wood,499.0,Channapatna Toys,8.474133333333333,6.214608098422191
REMAINING,CHANNAPATNA TOYS Wooden Rainbow Stacking Toy & Rainbow Roly Poly Toy for Kids 1+ Stacking Blocks Toy - Set of 2,Baby Rattle,Wood,1438.0,Channapatna Toys,8.474133333333333,7.271703706887368
REMAINING,CHANNAPATNA TOYS Wooden Roly Poly Balancing Dolls for Kids (1 Years+) - Set of 2 Pieces - Develops Curiosity & Fine Motor Skills New,Baby Rattle,"Made with wood and colored with non toxic paints. No Batteries, No Plastic",649.0,Channapatna Toys,8.474133333333333,6.476972362889683
REMAINING,"CHANNAPATNA TOYS Wooden Roly Poly Doll, Tumbler Toy for Kids, Wobbling Doll Game for 3 Months & Above, Montessori Toddler Toys for Baby Boy and Girl",Educational Toy,"Made with wood and colored with non toxic paints. No Batteries, No Plastic. What is this roly poly toy made of? Our roly poly doll is child-safe, made of sustainable wood with environment-friendly, non-toxic paints.",799.0,Channapatna Toys,3.0,6.684611727667927
REMAINING,"CHANNAPATNA TOYS Wooden Snowman Doll Christmas Roly Poly Toy for Baby, Toddlers, Kids(1 Year+) Wobbling Tumbler Toy- Develops Curiosity & Motor Skills",Baby Rattle,"Made with wood and colored with non toxic paints. No Batteries, No Plastic",849.0,Channapatna Toys,1.0,6.745236349484363
REMAINING,CHANNAPATNA TOYS Wooden Spinning Tops for Kids (3 Years+) - Set of 4 Pcs (pack of 5)- Multi-Color - Curiosity & Fine Motor Skills,Spinning Top,Wood,1999.0,Channapatna Toys,8.474133333333333,7.600902459542082
REMAINING,CHANNAPATNA TOYS Wooden Spinning Tops for Kids (3 Years+) - Set of 4 Pcs - Multi-Color - Curiosity & Fine Motor Skills,Spinning Top,Wood,429.0,Channapatna Toys,8.474133333333333,6.063785208687608
REMAINING,CHANNAPATNA Toys Peg Dolls Wooden Doctors Family Pretend Play Figurines - Colorful Organic Toys for Kids & Toddlers (2 Years+) - Pack of 4 pcs,Open-ended / Pretend Play / Educational Toys,Wood,449.0,Channapatna Toys,8.474133333333333,6.1092475827643655
REMAINING,"Channapatna Christmas Russian Nesting Dolls, Handcrafted Wooden Santa Design, 5 Pieces | GI and ODOP Certified",Art & Craft,Wood,699.0,Channapatna Toys,5.0,6.551080335043404
REMAINING,Channapatna Community Helpers Wooden Peg Dolls – Set of 8 | Handcrafted Eco-Friendly Role Play Toy for Kids,Open-ended / Pretend Play / Educational Toys,Wood,999.0,Channapatna Toys,8.474133333333333,6.907755278982137
REMAINING,"Channapatna Handcrafted Pen Pencil Holder, Red and Yellow with Floral Design, Traditional Indian Wooden Desk Organizer",Art & Craft,Wood,399.0,Channapatna Toys,8.474133333333333,5.991464547107982
REMAINING,Channapatna Handcrafted Wooden Air India Maharaja Spring Head Doll | GI-Tagged Indian Wooden Toy | Collectible Craft Figurine,Art & Craft,Wood,474.0,Channapatna Toys,8.474133333333333,6.163314804034641
REMAINING,Channapatna Handcrafted Wooden Bobblehead Bird Toy (Set of 2) | Eco-Friendly Decorative & Play Toy,Animal Toy,Natural Wood,499.0,Channapatna Toys,8.474133333333333,6.214608098422191
REMAINING,"Channapatna Handcrafted Wooden Bride and Groom Peg Dolls, Wedding Couple Figurines, Traditional Decorative Set",Open-ended / Pretend Play / Educational Toys,Wood,699.0,Channapatna Toys,8.474133333333333,6.551080335043404
REMAINING,"Channapatna Handcrafted Wooden Christmas Decorations Tree Hanging Ornament Bells, Set of 3, Red, Green, Orange",Art & Craft,Wood,499.0,Channapatna Toys,8.474133333333333,6.214608098422191
REMAINING,"Channapatna Handcrafted Wooden Christmas Ornaments – Gingerbread, Snowman & Tree | Eco-Friendly Holiday Décor | GI-Tagged Indian Handicraft",Art & Craft,Wood,899.0,Channapatna Toys,8.474133333333333,6.802394763324311
REMAINING,"Channapatna Handcrafted Wooden Couple Dolls | Traditional Craft, Wooden Toy, Handmade, Decorative Figurine, Couple Set",Art & Craft,Wood,599.0,Channapatna Toys,8.474133333333333,6.396929655216146
REMAINING,Channapatna Handcrafted Wooden Cylinder Grad,Art & Craft,Wood,13999.0,Channapatna Toys,8.474133333333333,9.546812608597396
REMAINING,Channapatna Handcrafted Wooden Doll | Traditional Indian Folk Art Toy | Eco-Friendly Décor & Gift | by Meeran Art and Crafts,Art & Craft,Wood,799.0,Channapatna Toys,8.474133333333333,6.684611727667927
REMAINING,"Channapatna Handcrafted Wooden Leprechaun Roly Poly Toy, Traditional Indian Wobble Doll in Green and Orange, Educational Play Tumbler for Children",Educational Toy,Wood,849.0,Channapatna Toys,8.474133333333333,6.745236349484363
REMAINING,Channapatna Handcrafted Wooden Peg Dolls – Indian Village Couple | GI-Tagged Wooden Toys & ODOP Certified,Open-ended / Pretend Play / Educational Toys,Wood,399.0,Channapatna Toys,8.474133333333333,5.991464547107982
REMAINING,Channapatna Handcrafted Wooden Rocket Toy | Natural Beech Wood | Space-Themed Pretend Play Toy for Kids | ODOP Certified,Open-ended / Pretend Play / Educational Toys,Natural Beech Wood,699.0,Channapatna Toys,8.474133333333333,6.551080335043404
REMAINING,Channapatna Handcrafted Wooden Stacker Toy for Kids - (1 Year+) - For Hand-Eye Coordination & Fine Motor Skill Development,Building Blocks,Wood,499.0,Channapatna Toys,1.0,6.214608098422191
REMAINING,"Channapatna Handcrafted Wooden Telephone Toy | GI-Tagged & ODOP Certified Traditional Indian Craft | Eco-Friendly Home Décor, Kids Pretend Play Toy",Open-ended / Pretend Play / Educational Toys,Wood,525.0,Channapatna Toys,8.474133333333333,6.26530121273771
REMAINING,Channapatna Handmade Wooden Spinning Tops (Set of 3) – Lattu Spinning Toy – Multicolor | Ages 3+ | Traditional Craft for Curiosity & Fine Motor Skills,Art & Craft,Wood,459.0,Channapatna Toys,8.474133333333333,6.131226489483141
REMAINING,Channapatna Handpainted Wooden Nutcracker Soldier Christmas Ornament – 27 cm | GI-Tagged Craft | Handcrafted Home Decoration,Art & Craft,Sustainable wood,999.0,Channapatna Toys,27.0,6.907755278982137
REMAINING,Channapatna Keychains Handcrafted Wooden Whistle Keychains set of 5pcs,Art & Craft,Wood,379.0,Channapatna Toys,8.474133333333333,5.940171252720432
REMAINING,"Channapatna Sustainable Wooden Pull-Along Toy Unicorn for 12 Months & Above Kids, Toddlers, Infant & Preschool Toys - Multicolor - Attached String",Baby Grasping Toy,Wood,599.0,Channapatna Toys,12.0,6.396929655216146
REMAINING,"Channapatna Toys Colorful Wooden Rattles for Baby/Infants Set of 3 pcs- Multicolor (0+ years) - Discover Sounds, Develops Sensory Skills",Baby Rattle,Wood,449.0,Channapatna Toys,8.474133333333333,6.1092475827643655
REMAINING,"Channapatna Toys Early Learning Developmental Toy | Wooden Abacus Educational Toy to Build Math Skills Foundation-Counting, Addition, and Subtraction",Educational Toy,Wood,535.0,Channapatna Toys,8.474133333333333,6.284134161070802
REMAINING,Channapatna Toys Educational Wooden Blocks Rainbow Stacker Toy for Kids - (1 Year+) - Multicolor - Pack of 7 pcs - Develop Fine Motor Skills,Educational Toy,Wood,748.0,Channapatna Toys,8.474133333333333,6.618738983517219
REMAINING,Channapatna Toys Handmade Eco-Friendly Wooden Baby Rattles Non-Toxic Safe Traditional Indian Newborn Toys for Sensory Development,Baby Rattle,Ivory wood (Wrightia tinctoria),825.0,Channapatna Toys,8.474133333333333,6.716594773520978
REMAINING,Channapatna Toys Handmade Non toxic Wooden Toys for Kids | 2 Pcs Doll Sharpener | Hand Pencil Sharpener for Kids/Return Gift/School/Home/Office,Doll,Wood,329.0,Channapatna Toys,2.0,5.799092654460526
REMAINING,"Channapatna Toys Handmade Non toxic wooden rattle for baby/Infants ( 0+ Years) - set of 3 pcs - multicolor - Discover Sounds, Develops Sensory Skills",Baby Rattle,Wood,439.0,Channapatna Toys,8.474133333333333,6.0867747269123065
REMAINING,"Channapatna Toys Handmade Nontoxic Wooden Baby Rattle Toys for infants/newborn babies(0+Year)-Whistle Baby Rattle 2 pc-Discover Sounds,Sensory Skill",Baby Rattle,Wood,389.0,Channapatna Toys,2.0,5.966146739123692
REMAINING,"Channapatna Toys Handmade Nontoxic Wooden Baby Rattle cum Whistle Toy for infants/newborn babies (0+Years)-Discover Sounds, Develops Sensory Skills",Baby Rattle,Wood,329.0,Channapatna Toys,0.0,5.799092654460526
REMAINING,"Channapatna Toys Handmade Nontoxic Wooden Rattles Toys for Babies/Infants ( 0+ Years)-set of 3 pcs-multicolor-Discover Sounds, Develops Sensory Skill",Baby Rattle,"100% sustainable wooden toy with non-toxic, water-based dyes ,child safe. No batteries, no plasticn toy rattle provides tactile, sonic and visual stimulation",438.0,Channapatna Toys,8.474133333333333,6.0844994130751715
REMAINING,Channapatna Toys Handmade Small Sized Wooden Pots with Home Decorative Wooden Wall Hanging /Display Hut Shape for Home/Kitchen/Office/Bedroom/Room,Educational Toy,Wood,439.0,Channapatna Toys,8.474133333333333,6.0867747269123065
REMAINING,"Channapatna Toys Handmade Wooden Rattles for Baby/Infants, new born ( 0+ Years) - set of 3 pcs - multicolor & whistle - Discover Sounds",Baby Rattle,Wood,438.0,Channapatna Toys,8.474133333333333,6.0844994130751715
REMAINING,Channapatna Toys Handmade Wooden Spinning Tops Toys Combo (3 Years+) - Combo Set of 2 Pcs - Multicolor - Curiosity & Fine Motor Skills | Pambaram,Spinning Top,Wood,329.0,Channapatna Toys,8.474133333333333,5.799092654460526
REMAINING,Channapatna Toys Handmade Wooden Spinning Tops Toys Combo (3 Years+) - Combo Set of 3 Pcs - Multicolor - Curiosity & Fine Motor Skills | Pambaram,Spinning Top,Wood,379.0,Channapatna Toys,8.474133333333333,5.940171252720432
REMAINING,Channapatna Toys Handmade Wooden Spinning Tops Toys Combo (3 Years+) - Combo Set of 7 Pcs - Multicolor | Pambaram | Bongaram | Lattu,Spinning Top,Wood,699.0,Channapatna Toys,8.474133333333333,6.551080335043404
REMAINING,Channapatna Toys Handmade Wooden Spinning Tops Toys Combo (3 Years+) - Lattu Spinning Toy Wood - Pack of 4 Pcs - Multicolor | Pambaram | Bongaram,Spinning Top,Wood,498.0,Channapatna Toys,8.474133333333333,6.212606095751519
REMAINING,Channapatna Toys Handmade Wooden Spinning Tops Toys Combo for Kids (3 Years+) - Set of 2 Pcs - Multicolor - Curiosity & Fine Motor Skills | Pambaram,Spinning Top,Wood,379.0,Channapatna Toys,8.474133333333333,5.940171252720432
REMAINING,Channapatna Toys Handmade Wooden Toys for Kids Handcrafted Wooden Spring Head Adivasi Coup,Art & Craft,Wood,449.0,Channapatna Toys,8.474133333333333,6.1092475827643655
REMAINING,"Channapatna Toys Indian Bride & Groom Wooden Dolls Non Toxic Colors ( 2 Years+) - Set of 2 Wooden Dolls | Pretend Play, Open Ended Toys",Open-ended / Pretend Play / Educational Toys,Wood,749.0,Channapatna Toys,8.474133333333333,6.620073206530356
REMAINING,"Channapatna Toys Indian Raja & Rani Wooden Dolls Non Toxic Colors ( 2 Years+) - Set of 2 Wooden Dolls | Pretend Play, Open Ended Toys",Open-ended / Pretend Play / Educational Toys,Wood,749.0,Channapatna Toys,8.474133333333333,6.620073206530356
REMAINING,"Channapatna Toys Montessori Learning Blocks Wooden Toys Box, 6-24 Months, Early Child Development, Sensory Learning, Develop, Problem/Puzzle Solving",Educational Toy,Wood,1799.0,Channapatna Toys,24.0,7.495541943884256
REMAINING,"Channapatna Toys Montessori Learning Blocks Wooden Toys Box, 6-24 Months, Early Child Development, Sensory Learning, Develop, Problem/Puzzle Solving",Educational Toy,Wood,1599.0,Channapatna Toys,24.0,7.3777589082278725
REMAINING,"Channapatna Toys Montessori Toys for 1 2 3 Year Old Boys Girls-Wooden Sorting & Stacking Toys, Hammer Ball for Baby Toddlers, Educational Kids Gifts",Educational Toy,Wood,999.0,Channapatna Toys,3.0,6.907755278982137
REMAINING,Channapatna Toys Montessori Wooden Egg and Cup Puzzle for Toddlers 1-3 Years | Handcrafted Natural Wooden Learning Toy | Develop Fine Motor Skills,Educational Toy,Natural Wood,419.0,Channapatna Toys,3.0,6.040254711277414
REMAINING,Channapatna Toys Neem Wooden Teethers for babies - brown - pack of 3 pieces,Baby Grasping Toy,Wood,399.0,Channapatna Toys,8.474133333333333,5.991464547107982
REMAINING,"Channapatna Toys Non toxic Wooden Rattles for Baby/Infants ( 0+ Years) - set of 3 pcs - multicolor - Discover Sounds, Develops Sensory Skills",Baby Rattle,Wood,438.0,Channapatna Toys,8.474133333333333,6.0844994130751715
REMAINING,Channapatna Toys Organic Wooden Doughnut Stacking Toy for Kids - (1 Year+) - Montessori Wooden Rainbow Stacking Toys for Toddlers,Educational Toy,Wood,599.0,Channapatna Toys,1.0,6.396929655216146
REMAINING,"Channapatna Toys Peg Dolls Wedding Guest/Peg Dolls Wooden ( 2Years+) - Pretend Play, Open Ended Toys, Waldorf Inspired, Sustainable, Eco-Friendly",Open-ended / Pretend Play / Educational Toys,Treated and carved by the Soft Ivory wood or called as Alada Mara in Kannada Color : Coated with lacquer which is made from vegetable dyes,329.0,Channapatna Toys,2.0,5.799092654460526
REMAINING,Channapatna Toys Peg Dolls Wooden Doctors Family Pretend Play Figurines - Colorful Diverse Natural Toys for kids (2 Years+) Pack of 4 pcs,Open-ended / Pretend Play / Educational Toys,Wood,449.0,Channapatna Toys,8.474133333333333,6.1092475827643655
REMAINING,Channapatna Toys Peg Dolls Wooden Essential Workers Pretend Play Figurines - Colorful Diverse Natural Toys | Organic Handmade Play Kit for Kids,Open-ended / Pretend Play / Educational Toys,Wood,539.0,Channapatna Toys,8.474133333333333,6.29156913955832
REMAINING,Channapatna Toys Peg Dolls Wooden Painted Superheroes Set Pretend Play Figurines - Colorful Diverse Natural Toys | Organic Handmade Play Kit for Kids,Open-ended / Pretend Play / Educational Toys,Wood,479.0,Channapatna Toys,8.474133333333333,6.173786103901937
REMAINING,"Channapatna Toys Premium Beechwood Rattle Toys for Baby/New-Born Infant Kids Set of 5 pcs - Discover Sounds, Natural Wood Color",Baby Rattle,Ivory wood (Wrightia tinctoria),999.0,Channapatna Toys,8.474133333333333,6.907755278982137
REMAINING,"Channapatna Toys Premium Pull Along Toy Wooden Bee for 12 Months + Kids, Toddlers, Infant & Preschool Toys - Multicolor - with Attached String",Baby Grasping Toy,Wood,599.0,Channapatna Toys,12.0,6.396929655216146
REMAINING,"Channapatna Toys Premium Pull Along Toy Wooden Elephant for Toddlers, Infant & Preschool Toys - Multicolor - with Attached String- Encourage Walking",Animal Toy,Hale wood,489.0,Channapatna Toys,8.474133333333333,6.194405391104672
REMAINING,"Channapatna Toys Premium Pull Along Toy Wooden Ladybird for 12 Months + Kids, Toddlers, Infant & Preschool Toys - Multicolor - with Attached String",Animal Toy,Wood,599.0,Channapatna Toys,12.0,6.396929655216146
REMAINING,"Channapatna Toys Premium Pull Along Toy Wooden Turtle for 12 Months + Kids, Toddlers, Infant & Preschool Toys - Multicolor - with Attached String",Baby Grasping Toy,Wood,599.0,Channapatna Toys,12.0,6.396929655216146
REMAINING,Channapatna Toys Premium Pull Along Toy – Handcrafted Wooden Toy,Art & Craft,Wood,649.0,Channapatna Toys,8.474133333333333,6.476972362889683
REMAINING,"Channapatna Toys Premium Wooden Baby Toys Combo, 100% Natural Beech Wood Teethers, Montessori, Non-Toxic Rattles, Early Education Skills, Handcrafted",Educational Toy,Ivory wood (Wrightia tinctoria),699.0,Channapatna Toys,100.0,6.551080335043404
REMAINING,"Channapatna Toys Pull Along Toy Wooden Aero plane & Caterpillar Combo Toys for 1 Year & Above Kids, Toddlers, Infant & Preschool Toys - Set of 2 pcs",Baby Grasping Toy,Wood,598.0,Channapatna Toys,8.474133333333333,6.395261598115449
REMAINING,"Channapatna Toys Pull Along Toy Wooden Aero plane & Racing Car Combo Toys for 1 Year & Above Kids, Toddlers, Infant & Preschool Toys",Baby Grasping Toy,Wood,598.0,Channapatna Toys,1.0,6.395261598115449
REMAINING,"Channapatna Toys Pull Along Toy Wooden Aero plane & Tractor Engine Combo Toys for 1 Year + Kids, Toddlers, Infant & Preschool Toys - Set of 2 pcs",Baby Grasping Toy,Wood,598.0,Channapatna Toys,8.474133333333333,6.395261598115449
REMAINING,"Channapatna Toys Pull Along Toy Wooden Aero plane, Racing Car & Snail Combo Toys for 1 Year + Kids, Toddlers, Infant & Preschool Toys - Set of 3 pcs",Baby Grasping Toy,Wood,798.0,Channapatna Toys,8.474133333333333,6.683360945766275
REMAINING,"Channapatna Toys Pull Along Toy Wooden Bunny for 12 Months & Above Kids, Toddlers, Infant & Preschool Toys- Natural Wood Color- Pack of 1",Baby Grasping Toy,Natural Wood,399.0,Channapatna Toys,8.474133333333333,5.991464547107982
REMAINING,"Channapatna Toys Pull Along Toy Wooden Caterpillar & Aero plane Combo Toys for 1 Year + Kids,Toddlers,Infant & Preschool Toys-Set of 2 pcs-Multicolor",Baby Grasping Toy,Wood,599.0,Channapatna Toys,8.474133333333333,6.396929655216146
REMAINING,"Channapatna Toys Pull Along Toy Wooden Caterpillar & Race Car Combo Toys 1Year + Kids, Toddlers, Infant & Preschool Toys - Set of 2 pcs- Multicolor",Baby Grasping Toy,Wood,598.0,Channapatna Toys,8.474133333333333,6.395261598115449
REMAINING,"Channapatna Toys Pull Along Toy Wooden Caterpillar for 1 Year + Kids, Toddlers, Infant & Preschool Toys - Multicolor-with Attached String- Encourage",Baby Grasping Toy,Wood,398.0,Channapatna Toys,1.0,5.988961416889864
REMAINING,"Channapatna Toys Pull Along Toy Wooden Drumming Bunny for 12 Months & Above Kids, Toddlers, Infant & Preschool Toys",Baby Grasping Toy,Wood,549.0,Channapatna Toys,12.0,6.309918278226516
REMAINING,"Channapatna Toys Pull Along Toy Wooden Tractor & Aero plane Combo Toys for 1 Year & Above Kids, Toddlers, Infant & Preschool Toys - Set of 2 pcs",Baby Grasping Toy,Wood,659.0,Channapatna Toys,8.474133333333333,6.492239835020471
REMAINING,"Channapatna Toys Pull Along Toy Wooden Tractor & Caterpillar Combo Toys for 1 Year + Kids, Toddlers, Infant & Preschool Toys - Set of 2 pc-Multicolor",Baby Grasping Toy,Wood,698.0,Channapatna Toys,8.474133333333333,6.54965074223381
REMAINING,"Channapatna Toys Pull Along Toy Wooden Tractor & Caterpillar Combo Toys for 1 Year + Kids, Toddlers, Infant & Preschool Toys - Set of 2 pcs",Baby Grasping Toy,Wood,598.0,Channapatna Toys,8.474133333333333,6.395261598115449
REMAINING,"Channapatna Toys Pull Along Toy Wooden Train & Caterpillar for 1 Year & Above Kids, Toddlers, Infant & Preschool Toys - Set of 2 pcs- Multicolor",Baby Grasping Toy,Wood,699.0,Channapatna Toys,8.474133333333333,6.551080335043404
REMAINING,"Channapatna Toys Pull Along Toy Wooden Train & Snail Toys for 1 Year + Kids, Toddlers, Infant & Preschool Toys - Set of 2 pcs- Multicolor",Baby Grasping Toy,Wood,849.0,Channapatna Toys,8.474133333333333,6.745236349484363
REMAINING,"Channapatna Toys Pull Along Toy Wooden Train & Tractor for 12 Months & Above Kids, Toddlers, Infant & Preschool Toys - Set of 2 pcs- Multicolor",Baby Grasping Toy,Wood,729.0,Channapatna Toys,8.474133333333333,6.593044534142437
REMAINING,"Channapatna Toys Pull Along Toy Wooden Train Set with Animals Peg Dolls for Kids, Toddlers, Infant & Preschool Toys - with Attached String",Open-ended / Pretend Play / Educational Toys,Made in India from wood using non-toxic lead free paints thus making it durable and safe for your child.,1199.0,Channapatna Toys,8.474133333333333,7.090076835776092
REMAINING,"Channapatna Toys Pull Along Toy Wooden Train for 12 Months & Above Kids, Toddlers, Infant & Preschool Toys - Multicolor - with Attached String",Baby Grasping Toy,Wood,479.0,Channapatna Toys,12.0,6.173786103901937
REMAINING,"Channapatna Toys Pull Along Toys Wooden Train & Aeroplane for 1 Year + Kids, Toddlers, Infant & Preschool Toys - Set of 2 pcs- Multicolor",Baby Grasping Toy,Wood,699.0,Channapatna Toys,8.474133333333333,6.551080335043404
REMAINING,"Channapatna Toys Push & Pull Along Toy Wooden Tractor with Trolley for 12 Months & Above Kids, Toddlers, Infant & Preschool Toys - Multicolor",Baby Grasping Toy,Treated and carved by the Soft Ivory wood or called as Alada Mara in Kannada Color : Coated with lacquer which is made from vegetable dyes,749.0,Channapatna Toys,12.0,6.620073206530356
REMAINING,"Channapatna Toys Push & Pull Toys Wooden Scooter & Racing Car for Toddlers, Kids, Infants Preschool Toys ( 1 Year+) - Develop Hand Eye Coordination",Baby Grasping Toy,Wood,1098.0,Channapatna Toys,1.0,7.002155954403621
REMAINING,"Channapatna Toys Traditional Indian Toy Set Raja & Rani Wooden Dolls Non Toxic Colors ( 2 Years+) - Set of 2 Dolls | Pretend Play, Open Ended Toys",Open-ended / Pretend Play / Educational Toys,Wood,699.0,Channapatna Toys,8.474133333333333,6.551080335043404
REMAINING,Channapatna Toys Traditional Wooden Cooking Set/Kitchen play set (3 Years+) - Multicolor - 9 Pieces Toy Set - Pretend & Play Toy | Wooden Kitchen Set,Kitchen / Storage,Wood,429.0,Channapatna Toys,9.0,6.063785208687608
REMAINING,"Channapatna Toys Traditional Wooden Cooking/Kitchen Play Set Premium (3Years+)-multicolor-16 Pieces Toy Set-Pretend & Play Toys,Improves Coordination",Kitchen / Storage,Wood,829.0,Channapatna Toys,16.0,6.721425700790643
REMAINING,"Channapatna Toys Traditional Wooden Cooking/Kitchen Play Set Premium (3Years+)-multicolor-17 Pieces Toy Set-Pretend & Play Toys, Improves Coordination",Kitchen / Storage,Wood,1099.0,Channapatna Toys,17.0,7.003065458786462
REMAINING,"Channapatna Toys Traditional Wooden Cooking/Kitchen Toys Play Set for Kids, Girls (3 Years+) - Multicolor - 9 Pieces Toy Set - Pretend & Play Toy",Kitchen / Storage,Wood; Color: Natural Wood,429.0,Channapatna Toys,9.0,6.063785208687608
REMAINING,"Channapatna Toys Traditional Wooden Cooking/Kitchen toy play set for kids, girls & boys (2 Years+)-multicolor-16 Pieces Toy Set-Pretend & Play Toy",Kitchen / Storage,Wood,829.0,Channapatna Toys,16.0,6.721425700790643
REMAINING,"Channapatna Toys Traditional Wooden Cooking/Kitchen toy playset for kids, girls & boys ( 2 Years+)-14 Pieces Toy Set - Multicolor-Pretend & Play Toy",Kitchen / Storage,"Wooden, MULTI Colour, Kitchen play set for girls",649.0,Channapatna Toys,14.0,6.476972362889683
REMAINING,"Channapatna Toys Traditional Wooden Cooking/Kitchen toy playset for kids, girls & boys ( 2 Years+)-16 Pieces Toy Set - Multicolor-Pretend & Play Toy,",Kitchen / Storage,"Wooden, MULTI Colour, Kitchen play set for girls",709.0,Channapatna Toys,16.0,6.565264970035361
REMAINING,Channapatna Toys Unpainted Wooden Russian Nesting Dolls/Stacking Toy for Kids ( 2 Years+) - Set of 5 pcs - 6 Inch Wood Color- Develop Problem Solving,Building Blocks,Wood,479.0,Channapatna Toys,8.474133333333333,6.173786103901937
REMAINING,Channapatna Toys Walk-A-Long Pull Along Toy Wooden Bullock Cart for 12 Months & Above Kids,Art & Craft,Wood,599.0,Channapatna Toys,12.0,6.396929655216146
REMAINING,"Channapatna Toys Walk-A-Long Pull Along Toy Wooden Caterpillar for 12 Months & Above Kids, Toddlers, Infant & Preschool Toys - Multicolor",Baby Grasping Toy,Wood,398.0,Channapatna Toys,12.0,5.988961416889864
REMAINING,"Channapatna Toys Walk-A-Long Puppy & Rabbit Wooden Pull Along Toys for 1 Year & Above Kids, Toddlers, Infant & Preschool Toys - Set of 2-with String",Baby Grasping Toy,Wood,699.0,Channapatna Toys,8.474133333333333,6.551080335043404
REMAINING,"Channapatna Toys Walk-A-Long Wooden Pull Along Toy Snail for 12 Months & Above Kids, Toddlers, Infant & Preschool Toys with Attached String",Baby Grasping Toy,Wood,459.0,Channapatna Toys,12.0,6.131226489483141
REMAINING,"Channapatna Toys Wooden Aeroplane Toy Vehicle Push & Pull Along Toy for 12 Months & Above Kids, Toddlers, Infant & Preschool Toys - Pack of 1",Baby Grasping Toy,Wood,349.0,Channapatna Toys,8.474133333333333,5.857933154483459
REMAINING,"Channapatna Toys Wooden Baby Rattle Toy for infants/newborn babies (0+Years)-Shaker Drum Baby Rattle 2 pcs-Discover Sounds, Develops Sensory Skills",Baby Rattle,Wood,399.0,Channapatna Toys,2.0,5.991464547107982
REMAINING,"Channapatna Toys Wooden Baby Rattle Toys for infants/new born babies (0+ Years) - Hand Rattle set of 2 pcs - Discover Sounds, Develops Sensory Skills",Baby Rattle,Wood,449.0,Channapatna Toys,8.474133333333333,6.1092475827643655
REMAINING,"Channapatna Toys Wooden Baby Rattle Toys for infants/new born babies (0+ Years)-Jingle Bell & Face Rattle set of 2pcs-Discover Sounds, Sensory Skills",Baby Rattle,Wood,379.0,Channapatna Toys,8.474133333333333,5.940171252720432
REMAINING,"Channapatna Toys Wooden Baby Rattles ( 0+ years) - Set of 2 pcs - Multicolor - Develops Sensory Skills, Discover Sounds | Loud Sound Making Toys 2 Pc",Baby Rattle,Wood,429.0,Channapatna Toys,8.474133333333333,6.063785208687608
REMAINING,"Channapatna Toys Wooden Baby Rattles Toys for Infants, Babies ( 0+ Years) -Set of 5- Multi color - Discover Sounds, Develops Sensory Skills",Baby Rattle,Wood,689.0,Channapatna Toys,8.474133333333333,6.536691597591305
REMAINING,"Channapatna Toys Wooden Baby Rattles for New Born Babies ( 0+ years) - Set of 2 pcs - Multicolor - Develops Sensory Skills, Discover Sounds",Baby Rattle,Wood,398.0,Channapatna Toys,8.474133333333333,5.988961416889864
REMAINING,Channapatna Toys Wooden Bear Stacking Toy for Kids ( 1.5 Years+) - Multicolor,Building Blocks,Wood,389.0,Channapatna Toys,1.5,5.966146739123692
REMAINING,"Channapatna Toys Wooden Bird Whistle Toy, Spinner & Spinning Tops for Kids (2 Year+) - Set of 4 pcs Discover Sounds",Animal Toy,Wood,449.0,Channapatna Toys,8.474133333333333,6.1092475827643655
REMAINING,Channapatna Toys Wooden Bird Whistle Toys for Kids ( 1 Year+) - Set of 3 pcs - Multicolor - Discover Sounds,Animal Toy,Wood,459.0,Channapatna Toys,8.474133333333333,6.131226489483141
REMAINING,Channapatna Toys Wooden Bird Whistle Toys for Kids ( 1 Year+) - Set of 4 pcs - Multicolor - Discover Sounds,Animal Toy,Wood,499.0,Channapatna Toys,8.474133333333333,6.214608098422191
REMAINING,Channapatna Toys Wooden Bird Whistle toy for kids ( 1 Year+) - Set of 2 pcs - Multicolor - Discover Sounds,Animal Toy,Wood,349.0,Channapatna Toys,8.474133333333333,5.857933154483459
REMAINING,Channapatna Toys Wooden Bird Whistle toy for kids ( 1 Year+) - Set of 6 pcs - Multicolor - Discover Sounds,Animal Toy,Wood,669.0,Channapatna Toys,8.474133333333333,6.507277712385012
REMAINING,Channapatna Toys Wooden Blocks Set Wooden Toy Building and Stacking Counting Adding Subtracting Multiplication Indoor Game,Educational Toy,Wood,399.0,Channapatna Toys,8.474133333333333,5.991464547107982
REMAINING,Channapatna Toys Wooden Bowling Game Set for Kids with 6 Pins (2 Years+) Indoor Games & Outdoor Fun Learning Toy for Kids,Educational Toy,Wood,749.0,Channapatna Toys,6.0,6.620073206530356
REMAINING,"Channapatna Toys Wooden Bowling Pins Game & Spinning Tops Toys Set for Kids (2 Years+) - Non Toxic Colors, Indoor & Outdoor Game, Fun Learning Toy",Educational Toy,Wood,999.0,Channapatna Toys,2.0,6.907755278982137
REMAINING,"Channapatna Toys Wooden Bowling Pins Game, Roly Poly Toy & Spinning Tops Set for Kids (2 Years+) - Non Toxic Colors, Fun Learning Toys for Kids",Educational Toy,Wood,1499.0,Channapatna Toys,2.0,7.313220387090301
REMAINING,"Channapatna Toys Wooden Bowling Pins Toy Colorful Set for Kids (2 Years+) - Non Toxic Colors, Indoor & Outdoor Game, Fun Learning Toy for Kids",Educational Toy,Wood,799.0,Channapatna Toys,2.0,6.684611727667927
REMAINING,"Channapatna Toys Wooden Bowling Pins Toy Set for Kids (2 Years+) - Non Toxic Colors, Indoor & Outdoor Game, Fun Learning Toy for Kids",Educational Toy,Wood,849.0,Channapatna Toys,2.0,6.745236349484363
REMAINING,"Channapatna Toys Wooden Bull Pull Along Animal Toy for 12 Months & Above Kids, Toddlers, Infant & Preschool Toys - Pack of 1 - Multicolor",Animal Toy,Wood; Color: Natural Wood,499.0,Channapatna Toys,8.474133333333333,6.214608098422191
REMAINING,Channapatna Toys Wooden Calculation Shelf + Xylophone Musical Toy (Combo) Abacus Counting Building and Stacking Maths Learning Instrument for Kids 3+,Educational Toy,Wood,798.0,Channapatna Toys,3.0,6.683360945766275
REMAINING,Channapatna Toys Wooden Calculation Shelf | Abacus Kit for Kids 3+ Years | Counting Addition Subtraction Math's Learning Early Educational Kit,Educational Toy,Wood,568.0,Channapatna Toys,3.0,6.343880434126331
REMAINING,Channapatna Toys Wooden Chinese Checkers Hexagon Board with Wooden Marbles Board Games Superb Game Perfect Adults and Kids Gift Fun Toys 3+ Years,Board Game,Wood,698.0,Channapatna Toys,3.0,6.54965074223381
REMAINING,Channapatna Toys Wooden Christmas Peg Dolls Family Pretend Play Figurines - Colorful Diverse Natural Toys | Organic Handmade Play Kit,Open-ended / Pretend Play / Educational Toys,Wood,549.0,Channapatna Toys,8.474133333333333,6.309918278226516
REMAINING,"Channapatna Toys Wooden Colourful Rainbow Roly Poly Toy for Baby, Toddlers, Kids(1 Year+) Wobbling Tumbler Toy | GI Tag Toy and ODOP Certified",Baby Rattle,"Made with wood and colored with non toxic paints. No Batteries, No Plastic",549.0,Channapatna Toys,1.0,6.309918278226516
REMAINING,"Channapatna Toys Wooden Colourful Roly Poly Tumbler Toy for Baby, Toddlers, Kids(1 Year+) -8 Inches Wobbling Toy - Develops Curiosity & Motor Skills",Baby Rattle,"Made with wood and colored with non toxic paints. No Batteries, No Plastic",549.0,Channapatna Toys,20.32,6.309918278226516
REMAINING,"Channapatna Toys Wooden Colourful Roly Poly Tumbler Toy for Baby, Toddlers, Kids(1 Year+) Wobbling Toy- Develops Curiosity & Motor Skills",Baby Rattle,"Made with wood and colored with non toxic paints. No Batteries, No Plastic",379.0,Channapatna Toys,1.0,5.940171252720432
REMAINING,Channapatna Toys Wooden Cradle Toy Pretend Play for Kids 3+ Years | GI Tagged and ODOP Certified,Open-ended / Pretend Play / Educational Toys,Wood,799.0,Channapatna Toys,3.0,6.684611727667927
REMAINING,Channapatna Toys Wooden Cup and Ball Balancing and Rattle toy for kids (1 Year+) red & green- pack of 2 pcs- Develop Hand-Eye Coordination,Baby Rattle,Wood,399.0,Channapatna Toys,8.474133333333333,5.991464547107982
REMAINING,"Channapatna Toys Wooden Cute Colorful Pink Monkey for Kids ( 1 Years+) - multicolor - Pretend play, open ended toys",Open-ended / Pretend Play / Educational Toys,Wood,399.0,Channapatna Toys,1.0,5.991464547107982
REMAINING,"Channapatna Toys Wooden Cute Monkey/Hanging monkey for kids ( 2 Years+) pack of 1 - Pretend play Toy for kids, Improves Childs Imagination",Open-ended / Pretend Play / Educational Toys,Wood,649.0,Channapatna Toys,8.474133333333333,6.476972362889683
REMAINING,"Channapatna Toys Wooden Damru Rattle Toys for Baby, Infants, New Born Babies (0+ Years) - Multicolor - Set of 2 pcs - Discover Sounds",Baby Rattle,Ivory wood (Wrightia tinctoria),429.0,Channapatna Toys,8.474133333333333,6.063785208687608
REMAINING,"Channapatna Toys Wooden Dumbbells Rattle Toys for New born Babies, Baby - Sound Making Toys Pack of 2 pcs - Discover Sounds",Baby Rattle,Wood,379.0,Channapatna Toys,8.474133333333333,5.940171252720432
REMAINING,Channapatna Toys Wooden Egg Shakers Rattles Set of 2 - Colourful Musical Instrument Rattle Toy for Baby and Kids (0-3 Years) - Non-Toxic Colors,Baby Rattle,Wood,479.0,Channapatna Toys,8.474133333333333,6.173786103901937
REMAINING,"Channapatna Toys Wooden Egg Shakers, Set of 2 - Colourful Musical Instrument Rattle Toy for Baby and Kids (0-3 Years) - Non-Toxic, Hold and Shake Toy",Baby Rattle,Wood,449.0,Channapatna Toys,8.474133333333333,6.1092475827643655
REMAINING,"Channapatna Toys Wooden Egg Shakers, Set of 2N- Colourful Musical Instrument Rattle Toy for Baby and Kids (0-3 Years) - Non-Toxic, Hold and Shake Toy",Baby Rattle,Wood,439.0,Channapatna Toys,8.474133333333333,6.0867747269123065
REMAINING,Channapatna Toys Wooden Family Russian Nesting Dolls Set for Kids (2 years+) - 6 Inch Multicolor - set of 5 pcs - Improves Hand-Eye Coordinations,Doll,Wood,639.0,Channapatna Toys,8.474133333333333,6.461468176353717
REMAINING,Channapatna Toys Wooden Farmer Couple Dolls Toys for Kids (3 Years+) 8 inch Multi Color- Set of 2 pcs - Learning The Professions,Educational Toy,Wood,799.0,Channapatna Toys,8.474133333333333,6.684611727667927
REMAINING,"Channapatna Toys Wooden Formula Racing Car Pull Push Along Toy for 12 Months & Above Kids, Toddlers, Infant & Preschool Toys - multicolor - Hand-eye",Baby Grasping Toy,Wood,479.0,Channapatna Toys,12.0,6.173786103901937
REMAINING,"Channapatna Toys Wooden Geometric Shape Sorter & Stacking Toddler Toys, Autism Toys for Brain Development, Preschool Educational Puzzle Toys",Educational Toy,Wood,579.0,Channapatna Toys,8.474133333333333,6.363028103540465
REMAINING,"Channapatna Toys Wooden Geometric Shape Sorter & Stacking Train Toddler Toys, Autism Toys for Brain Development, Preschool Educational Puzzle Toys",Educational Toy,Wood,689.0,Channapatna Toys,8.474133333333333,6.536691597591305
REMAINING,Channapatna Toys Wooden Giant Wheel/Ferris Wheel Toy for Kids ( 1 Years+) - pack of 1-Multicolor|Sensory & Fine Motor Skills | Encourages Curiosity,Activity Toy,Wood,989.0,Channapatna Toys,8.474133333333333,6.897704943128636
REMAINING,Channapatna Toys Wooden Hammer Ball Knock Pounding Bench with Box Case Fine Motor and Dexterity Skills Early Educational Montessori Activity Toys,Educational Toy,Wood,548.0,Channapatna Toys,8.474133333333333,6.3080984415095305
REMAINING,Channapatna Toys Wooden Indian Female Police Doll for kids (3 Years+) 9 inch khaki color-- Learning the professions,Educational Toy,Wood,398.0,Channapatna Toys,22.86,5.988961416889864
REMAINING,Channapatna Toys Wooden Indian Male Police Doll for kids (3 Years+) 9 inch khaki color - Learning the professions,Educational Toy,Wood,428.0,Channapatna Toys,22.86,6.061456918928017
REMAINING,"Channapatna Toys Wooden Kitchen Dollhouse Furniture Set for Kids (2 Years+)- Natural Wood color -Pack of 1 - pretend play, open ended toys",Open-ended / Pretend Play / Educational Toys,Natural Wood,698.0,Channapatna Toys,8.474133333333333,6.54965074223381
REMAINING,Channapatna Toys Wooden Kitchen Set Toy Natural Cooking Sets Pretend Play Toys for Little Boys and Girls and Kids Age 3+ (Premium),Open-ended / Pretend Play / Educational Toys,Wood,1799.0,Channapatna Toys,3.0,7.495541943884256
REMAINING,"Channapatna Toys Wooden Maraca - Colourful Musical Instrument Rattle Toy for Baby and Kids (0-3 Years) - Non-Toxic, Hold and Shake Toy",Baby Rattle,Wood,299.0,Channapatna Toys,3.0,5.703782474656201
REMAINING,"Channapatna Toys Wooden Maracas, Set of 2 - Colourful Musical Instrument Rattle Toy for Baby and Kids (0-3 Years) - Non-Toxic, Hold and Shake Toy",Baby Rattle,Wood,379.0,Channapatna Toys,8.474133333333333,5.940171252720432
REMAINING,"Channapatna Toys Wooden Maracas, Set of 2 - Colourful Musical Instrument Rattle Toy for Baby and Kids (0-3 Years) - Non-Toxic, Hold and Shake Toy -",Baby Rattle,Ivory wood (Wrightia tinctoria),419.0,Channapatna Toys,8.474133333333333,6.040254711277414
REMAINING,Channapatna Toys Wooden Marble Slider Toy (4 Marbles) | Smiling Cartoon Themed Best Family Game Adults | STEM Early Educational Toys | Kids 3 + Years,Educational Toy,Wood,499.0,Channapatna Toys,4.0,6.214608098422191
REMAINING,Channapatna Toys Wooden Matryoshka Russian Nesting Dolls Set Indian Women for Kids (2 years+) - 6 Inch Multicolor - set of 5 pcs - Improves Hand Eye,Doll,Wood,616.0,Channapatna Toys,8.474133333333333,6.424869023905388
REMAINING,"Channapatna Toys Wooden Monkey for Kids ( 1 Years+) - Multicolor - pretend play toy, open ended toys",Open-ended / Pretend Play / Educational Toys,Wood,549.0,Channapatna Toys,1.0,6.309918278226516
REMAINING,"Channapatna Toys Wooden Montessori Maraca Rattles & Neem Wood Teethers, Bird Whistle Set of 5 - Colourful Rattle Toy for Baby and Kids (0-3 Years)",Educational Toy,Wood,549.0,Channapatna Toys,8.474133333333333,6.309918278226516
REMAINING,"Channapatna Toys Wooden Montessori Maraca Rattles & Neem Wood Teethers, Bird Whistle Set of 7 - Colourful Rattle Toy for Baby and Kids (0-3 Years)",Educational Toy,Wood,699.0,Channapatna Toys,8.474133333333333,6.551080335043404
REMAINING,Channapatna Toys Wooden Montessori Maraca Rattles & Xylophone Set of 5 - Handcrafted Non-Toxic Baby Rattles Toys for Baby and Kids (0-3 Years),Educational Toy,Ivory wood (Wrightia tinctoria),569.0,Channapatna Toys,8.474133333333333,6.345636360828596
REMAINING,Channapatna Toys Wooden Montessori Maraca Rattles & Xylophone Set of 7 - Colourful Rattle Toy for Baby and Kids (0-3 Years),Educational Toy,Ivory wood (Wrightia tinctoria),969.0,Channapatna Toys,8.474133333333333,6.877296071497429
REMAINING,Channapatna Toys Wooden Montessori Musical Maraca Rattles & Xylophone Set of 7 - Colourful Rattle Toy for Baby and Kids (0-3 Years),Educational Toy,Wood,1099.0,Channapatna Toys,8.474133333333333,7.003065458786462
REMAINING,Channapatna Toys Wooden Nativity Christmas Peg Dolls Family Set Pretend Play Figurines Colorful Diverse Natural Toys Organic Handmade Pack of 3 pcs,Open-ended / Pretend Play / Educational Toys,Wood,380.0,Channapatna Toys,8.474133333333333,5.942799375126701
REMAINING,Channapatna Toys Wooden Panda Russian Nesting Dolls Set for Kids (2 years+) - 6 Inch Multicolor - set of 5 pcs - Improves Hand Eye Coordination,Doll,Wood,599.0,Channapatna Toys,8.474133333333333,6.396929655216146
REMAINING,"Channapatna Toys Wooden Peg Dolls North Indian Couples Non Toxic Colors ( 2 Years+) - Set of 4 Wooden Dolls | Pretend Play, Open Ended Toys",Open-ended / Pretend Play / Educational Toys,Wood,549.0,Channapatna Toys,8.474133333333333,6.309918278226516
REMAINING,"Channapatna Toys Wooden Peg Dolls South Indian Couples Non Toxic Colors ( 2 Years+) - Set of 6 Wooden Dolls | Pretend Play, Open Ended Toys",Open-ended / Pretend Play / Educational Toys,Wood,669.0,Channapatna Toys,8.474133333333333,6.507277712385012
REMAINING,"Channapatna Toys Wooden Peg Dolls Wedding couple for Kids ( 2 Years+) - Multicolor, Pretend Play, Open Ended Toys, Waldorf Inspired",Open-ended / Pretend Play / Educational Toys,Treated and carved by the Soft Ivory wood or called as Alada Mara in Kannada Color : Coated with lacquer which is made from vegetable dyes,329.0,Channapatna Toys,2.0,5.799092654460526
REMAINING,"Channapatna Toys Wooden Penguin Bowling Pins Toy Set for Kids (2 Years+) - Non Toxic Colors, Indoor & Outdoor Game, Fun Learning Toy for Kids",Educational Toy,Wood,759.0,Channapatna Toys,2.0,6.633318433280377
REMAINING,Channapatna Toys Wooden Penguin Roly Poly Toy for Babies & Toddlers (1 Year+) | Handcrafted Wobbling Tumbler Toy |Montessori Sensory Toy for Curiosity,Educational Toy,Wood,795.0,Channapatna Toys,1.0,6.679599185844383
REMAINING,"Channapatna Toys Wooden Pull Along Bunny Toy, Natural Wood Colour, for Toddlers & Kids 12 Months & Above",Art & Craft,Natural Wood,449.0,Channapatna Toys,12.0,6.1092475827643655
REMAINING,"Channapatna Toys Wooden Pull Along Racing Car Toy for 12 Months & Above Kids, Toddlers, Infant & Preschool Toys - Multicolor - Develops curiosity",Baby Grasping Toy,Wood,349.0,Channapatna Toys,12.0,5.857933154483459
REMAINING,"Channapatna Toys Wooden Pull Along Toy Puppy for 1 Year + Kids, Toddlers, Infants & Preschool Toys - Natural Wood Color",Baby Grasping Toy,Natural Wood,399.0,Channapatna Toys,1.0,5.991464547107982
REMAINING,"Channapatna Toys Wooden Pull Along Toy Snail for 12 Months & Above Kids, Toddlers, Infant & Preschool Toys with Attached String - Set of 2 pcs",Baby Grasping Toy,Wood,899.0,Channapatna Toys,8.474133333333333,6.802394763324311
REMAINING,"Channapatna Toys Wooden Pull Along Toy Snail for 12 Months & Above Kids, Toddlers, Infant & Preschool Toys with Attached String - Set of 3 pcs",Baby Grasping Toy,Wood,999.0,Channapatna Toys,8.474133333333333,6.907755278982137
REMAINING,"Channapatna Toys Wooden Pull Along Toy Snail for 12 Months & Above Kids, Toddlers, Infant & Preschool Toys with Attached String - Set of 3pcs",Baby Grasping Toy,Wood,999.0,Channapatna Toys,8.474133333333333,6.907755278982137
REMAINING,"Channapatna Toys Wooden Push & Pull Along Toys for 12 Months & Above Kids, Toddlers, Infant & Preschool Toys - Multicolor - Hand Eye Coordination",Baby Grasping Toy,Wood,479.0,Channapatna Toys,12.0,6.173786103901937
REMAINING,"Channapatna Toys Wooden Rabbit (Big) Pull Along Toy for 12 Months & Above Kids, Toddlers, Infant & Preschool Toys",Baby Grasping Toy,Wood; Color: Natural Wood,419.0,Channapatna Toys,12.0,6.040254711277414
REMAINING,Channapatna Toys Wooden Rainbow Calculation Counting Stacker Math Toy (15 Pieces) | Number Learning Stacking Rings | Early Educational STEM Toys,Educational Toy,Wood,639.0,Channapatna Toys,15.0,6.461468176353717
REMAINING,Channapatna Toys Wooden Rainbow Stacker & Spinning Tops Toy for Kids - (1 Year+) - Multicolor - Pack of 10 pcs - Develop Fine Motor Skills,Building Blocks,Wood,999.0,Channapatna Toys,8.474133333333333,6.907755278982137
REMAINING,Channapatna Toys Wooden Rainbow Stacking Toy for 1+ Year Kids |Montessori Sorting & Stacking Rings Toy for Toddlers Handmade Eco-Friendly Learning Toy,Educational Toy,Wood,599.0,Channapatna Toys,1.0,6.396929655216146
REMAINING,"Channapatna Toys Wooden Rattle Toys for Baby | Infants | New born ( 0+ Years) - Set of 3 pcs - Multicolor - Discover Sounds, Develops Sensory Skills",Baby Rattle,Wood,429.0,Channapatna Toys,8.474133333333333,6.063785208687608
REMAINING,"Channapatna Toys Wooden Rattle Toys for Baby, Infants, New born babies (0+ Years) - Cage Rattle - Multicolor - set of 2 pcs - Discover Sounds",Baby Rattle,Wood,399.0,Channapatna Toys,8.474133333333333,5.991464547107982
REMAINING,"Channapatna Toys Wooden Rattle Toys for Baby, infants/newborn babies (0+Years)-Jingle Bell-set of 2 pcs - Discover Sounds, Develops Sensory Skills",Baby Rattle,Wood,379.0,Channapatna Toys,8.474133333333333,5.940171252720432
REMAINING,"Channapatna Toys Wooden Rattle Toys for Baby/Infants ( 0+ Years) - Set of 3 pcs - Multicolor - Discover Sounds, Develops Sensory Skills",Baby Rattle,Wood,429.0,Channapatna Toys,8.474133333333333,6.063785208687608
REMAINING,"Channapatna Toys Wooden Rattles & Elephant Shaker for Baby, Infants, New Born Babies Toys (0+ Years) - Set of 8 pcs-Multicolor-Discover Sound",Baby Rattle,Wood,1099.0,Channapatna Toys,8.474133333333333,7.003065458786462
REMAINING,"Channapatna Toys Wooden Rattles & Elephant Shaker for Baby/Infants ( 0+ Years) - set of 3 pcs - multicolor - Discover Sounds, Develops Sensory Skill",Baby Rattle,Wood,498.0,Channapatna Toys,8.474133333333333,6.212606095751519
REMAINING,"Channapatna Toys Wooden Rattles & Neem Wood Teethers, Set of 5 - Colourful Musical Instrument Rattle Toy for Baby and Kids (0-3 Years) - Non-Toxic",Baby Rattle,Ivory wood (Wrightia tinctoria),599.0,Channapatna Toys,8.474133333333333,6.396929655216146
REMAINING,"Channapatna Toys Wooden Rattles & Shakers for Baby, New born babies, Infants ( 0+ Years) - set of 3 pcs - Multicolor - Discover Sounds",Baby Rattle,Ivory wood (Wrightia tinctoria),459.0,Channapatna Toys,8.474133333333333,6.131226489483141
REMAINING,"Channapatna Toys Wooden Rattles Gift Set for Babies, Newborns and Infants of Age 1-3-6-9-12 Months | High Contrast Gift Set of 4 Rattles",Baby Rattle,Wood,538.0,Channapatna Toys,8.474133333333333,6.289715570908998
REMAINING,"Channapatna Toys Wooden Rattles Musical Toys for Baby/New-Born Babies, Infants, Kids - Set of 4 pcs-multicolor-Discover Sound,Develop Sensory Skill",Baby Rattle,Wood,498.0,Channapatna Toys,8.474133333333333,6.212606095751519
REMAINING,"Channapatna Toys Wooden Rattles Toys Set for Baby, Infants, New born Babies ( 0+ Years) - Set of 5 - Multicolor - Discover Sounds",Baby Rattle,Wood,689.0,Channapatna Toys,8.474133333333333,6.536691597591305
REMAINING,"Channapatna Toys Wooden Rattles Toys for Baby, Infants, New born Babies ( 0+ Years) - Set of 5 pcs - Multicolor - Discover Sounds",Baby Rattle,Wood,699.0,Channapatna Toys,8.474133333333333,6.551080335043404
REMAINING,"Channapatna Toys Wooden Rattles Toys for Baby, Infants, New born Babies ( 0+ Years) - Set of 5 pcs - Multicolor - Discover Sounds & Sensory Skills",Baby Rattle,Ivory wood (Wrightia tinctoria),679.0,Channapatna Toys,8.474133333333333,6.522092798170152
REMAINING,"Channapatna Toys Wooden Rattles Toys for Baby, New Born Babies,Infants,Kids-Set of 4pcs-Nontoxic Multicolor-Discover Sounds, Develops Sensory Skills",Baby Rattle,Wood,549.0,Channapatna Toys,8.474133333333333,6.309918278226516
REMAINING,"Channapatna Toys Wooden Rattles Toys for Baby, New born Babies, Infants, Kids - Set of 5 pcs - Multicolor - Discover Sounds, Develops Sensory Skills",Baby Rattle,Ivory wood (Wrightia tinctoria),579.0,Channapatna Toys,8.474133333333333,6.363028103540465
REMAINING,"Channapatna Toys Wooden Rattles Toys for Baby, New born Babies, Infants- Set of 5 pcs - Multicolor - Discover Sounds, Develops Sensory Skills",Baby Rattle,Ivory wood (Wrightia tinctoria),698.0,Channapatna Toys,8.474133333333333,6.54965074223381
REMAINING,"Channapatna Toys Wooden Rattles Toys for Baby, New born Babies, Infants- Set of 5 pcs - Multicolor - Discover Sounds, Develops Sensory Skills",Baby Rattle,Wood,718.0,Channapatna Toys,8.474133333333333,6.577861357721047
REMAINING,"Channapatna Toys Wooden Rattles Toys for Baby, New born babies, Infants ( 0+ Years) - set of 3 pcs-Multicolor-Discover Sound, Develop Sensory Skill",Baby Rattle,"100% sustainable wooden toy with non-toxic, water-based dyes ,child safe. No batteries, no plastics toy rattle provides tactile, sonic and visual stimulation",448.0,Channapatna Toys,8.474133333333333,6.1070228877422545
REMAINING,"Channapatna Toys Wooden Rattles Toys for Baby, New-Born Infant Kids - Set of 5 pcs - Multicolor - Discover Sounds, Develops Sensory Skills",Baby Rattle,Sustainably sourced hale wood,749.0,Channapatna Toys,8.474133333333333,6.620073206530356
REMAINING,"Channapatna Toys Wooden Rattles Toys for Baby, New-born Infant Kids - Set of 5 pcs - Multicolor - Discover Sounds, Develops Sensory Skills",Baby Rattle,Wood,699.0,Channapatna Toys,8.474133333333333,6.551080335043404
REMAINING,"Channapatna Toys Wooden Rattles Toys for Baby/New-Born Infant Kids - Set of 4 pcs - Multicolor - Discover Sounds, Develops Sensory Skills",Baby Rattle,Wood,499.0,Channapatna Toys,8.474133333333333,6.214608098422191
REMAINING,"Channapatna Toys Wooden Rattles Toys for Baby/New-Born, Infant Kids - Set of 4 pcs - Multicolor - Discover Sounds, Develops Sensory Skills",Baby Rattle,Wood,498.0,Channapatna Toys,8.474133333333333,6.212606095751519
REMAINING,"Channapatna Toys Wooden Rattles Toys for Baby/New-born Infant Kids - Set of 5 pcs - Multicolor - Discover Sounds, Develops Sensory Skills",Baby Rattle,Ivory wood (Wrightia tinctoria),549.0,Channapatna Toys,8.474133333333333,6.309918278226516
REMAINING,"Channapatna Toys Wooden Rattles for Baby (0+ year) - set of 2 pcs - Discover Sounds, Develops Sensory Skills | Wooden Musical Toys Shaker Drum",Baby Rattle,"100% sustainable wooden toy with non-toxic, water-based dyes ,child safe. No batteries, no plasticn toy rattle provides tactile, sonic and visual stimulation",399.0,Channapatna Toys,8.474133333333333,5.991464547107982
REMAINING,Channapatna Toys Wooden Rattles for Baby | New Born Babies | Infants | - Set of 4 pcs - multicolor - Discover Sounds & Develops Sensory Skills,Baby Rattle,Wood,498.0,Channapatna Toys,8.474133333333333,6.212606095751519
REMAINING,Channapatna Toys Wooden Rattles for Baby | New-Born Babies | Infants | - Pack of 4 pcs - multicolor - Discover Sounds & Develops Sensory Skills,Baby Rattle,Wood,498.0,Channapatna Toys,8.474133333333333,6.212606095751519
REMAINING,Channapatna Toys Wooden Rattles for Baby | New-Born Babies | Infants | - Set of 4 pcs - multicolor - Discover Sounds & Develops Sensory Skills,Baby Rattle,Ivory wood (Wrightia tinctoria),498.0,Channapatna Toys,8.474133333333333,6.212606095751519
REMAINING,"Channapatna Toys Wooden Rattles for Baby, Infants, New Born Babies Toys (0 to 6 to 12 Months) - Set of 8 pcs - Multicolor - Discover Sounds",Baby Rattle,Ivory wood (Wrightia tinctoria),999.0,Channapatna Toys,8.474133333333333,6.907755278982137
REMAINING,"Channapatna Toys Wooden Rattles for Baby, Infants, New Born Babies Toys (0+ Years) - Set of 5 pcs - Nontoxic Multicolor, Develops Sensory Skills",Baby Rattle,Ivory wood (Wrightia tinctoria),719.0,Channapatna Toys,8.474133333333333,6.579251212010101
REMAINING,"Channapatna Toys Wooden Rattles for Baby, Infants, New Born Babies Toys (0+ Years) - Set of 8 pcs-Multicolor-Discover Sound, Develop Sensory Skill",Baby Rattle,Ivory wood (Wrightia tinctoria),1099.0,Channapatna Toys,8.474133333333333,7.003065458786462
REMAINING,"Channapatna Toys Wooden Rattles for Baby, Infants, New Born Babies Toys (0+ Years)-Set of 6 pcs-Multicolor-Discover Sounds, Develops Sensory Skills",Baby Rattle,Ivory wood (Wrightia tinctoria),798.0,Channapatna Toys,8.474133333333333,6.683360945766275
REMAINING,"Channapatna Toys Wooden Rattles for Baby, Infants, Newborn Babies(0+Years)-Rattles Set of 5 pcs-Nontoxic Multicolor-Discover Sounds & Sensory Skills",Baby Rattle,Ivory wood (Wrightia tinctoria),728.0,Channapatna Toys,8.474133333333333,6.591673732008658
REMAINING,"Channapatna Toys Wooden Rattles for Baby, Infants, Newborn Babies(0+Years)-Rattles Set of 6 pcs-Nontoxic Multicolor-Discover Sounds & Sensory Skills",Baby Rattle,Ivory wood (Wrightia tinctoria),699.0,Channapatna Toys,8.474133333333333,6.551080335043404
REMAINING,"Channapatna Toys Wooden Rattles for Baby, New born babies, Infants ( 0+ Years) - set of 3 pcs - Multicolor - Discover Sounds",Baby Rattle,Wood,459.0,Channapatna Toys,8.474133333333333,6.131226489483141
REMAINING,"Channapatna Toys Wooden Rattles for Baby, New born, Infants ( 0+ Years) - set of 3 pcs - Multicolor - Discover Sounds",Baby Rattle,Wood,469.0,Channapatna Toys,8.474133333333333,6.152732694704104
REMAINING,"Channapatna Toys Wooden Rattles for Baby, Twisting Toys, Teethers & Shakers Infants, New Born Babies Toys (0 to 6 to 12 Months) - Set of 10 pcs",Baby Rattle,Ivory wood (Wrightia tinctoria),1449.0,Channapatna Toys,8.474133333333333,7.27931883541462
REMAINING,"Channapatna Toys Wooden Rattles for Baby, new born babies, Infants ( 0+ Years) - set of 3 pcs - multicolor - Discover Sounds, Develops Sensory Skills",Baby Rattle,Wood,448.0,Channapatna Toys,8.474133333333333,6.1070228877422545
REMAINING,"Channapatna Toys Wooden Rattles for Baby/Infants ( 0+ Years) - set of 3 pcs - multicolor - Discover Sounds, Develops Sensory Skill",Baby Rattle,Wood,438.0,Channapatna Toys,8.474133333333333,6.0844994130751715
REMAINING,"Channapatna Toys Wooden Rattles for Baby/Infants ( 0+ Years) - set of 3 pcs - multicolor - Discover Sounds, Develops Sensory Skills",Baby Rattle,Wood,438.0,Channapatna Toys,8.474133333333333,6.0844994130751715
REMAINING,"Channapatna Toys Wooden Rattles for Baby/Infants ( 0+ Years) - set of 3 pcs - multicolor - Discover Sounds, Develops Sensory Skills",Baby Rattle,"100% sustainable wooden toy with non-toxic, water-based dyes ,child safe. No batteries, no plastics toy rattle provides tactile, sonic and visual stimulation",448.0,Channapatna Toys,8.474133333333333,6.1070228877422545
REMAINING,"Channapatna Toys Wooden Rattles for Baby/Infants, new born ( 0+ Years) - set of 3 pcs - multicolor - Discover Sounds, Develops Sensory Skills",Baby Rattle,"100% sustainable wooden toy with non-toxic, water-based dyes ,child safe. No batteries, no plastics toy rattle provides tactile, sonic and visual stimulation",438.0,Channapatna Toys,8.474133333333333,6.0844994130751715
REMAINING,"Channapatna Toys Wooden Rattles for Baby/Infants, new born toys ( 0+ Years) - set of 3 pcs - multicolor - Discover Sounds, Develops Sensory Skills",Baby Rattle,"100% sustainable wooden toy with non-toxic, water-based dyes ,child safe. No batteries, no plastics toy rattle provides tactile, sonic and visual stimulation",438.0,Channapatna Toys,8.474133333333333,6.0844994130751715
REMAINING,"Channapatna Toys Wooden Rattles for Baby/new born babies, Infants ( 0+ Years) - Set of 3 pcs - Multicolor - Discover Sounds, Develops Sensory Skills",Baby Rattle,Wood,439.0,Channapatna Toys,8.474133333333333,6.0867747269123065
REMAINING,Channapatna Toys Wooden Rattles for New Born Babies | Infants | - Pack of 4 pcs - multicolor - Discover Sounds & Develops Sensory Skills,Baby Rattle,Wood,498.0,Channapatna Toys,8.474133333333333,6.212606095751519
REMAINING,"Channapatna Toys Wooden Rattles, Teethers & Shakers for Baby, Infants, New Born Babies Toys (0+ Years) - Set of 13 pcs-Multicolor-Discover Sound",Baby Rattle,Ivory wood (Wrightia tinctoria),1349.0,Channapatna Toys,8.474133333333333,7.2078598714324755
REMAINING,"Channapatna Toys Wooden Rolling Rattle Toy for Baby, Infants, New born babies (3+ Months) Discover Sounds, Develops Sensory Skills",Baby Rattle,Wood,378.0,Channapatna Toys,3.0,5.937536205082426
REMAINING,Channapatna Toys Wooden Roly Poly Balancing Doll & Stacking Toy with 5 Rings for Kids ( 1 Years+) - Set of 2 Pcs - Develops curiosity,Baby Rattle,Wood,598.0,Channapatna Toys,8.474133333333333,6.395261598115449
REMAINING,Channapatna Toys Wooden Roly Poly Dancing Duck (Big) for Kids ( 1Years+) - Multicolor - Wobbling Toy Develops Curiosity & Motor Skills,Baby Rattle,Wood,379.0,Channapatna Toys,1.0,5.940171252720432
REMAINING,Channapatna Toys Wooden Roly Poly balancing doll & Stacking Rings Toys for Kids ( 1 Years+) - Set of 2 Pieces - Develops curiosity & Fine motor skill,Baby Rattle,Wood,699.0,Channapatna Toys,8.474133333333333,6.551080335043404
REMAINING,Channapatna Toys Wooden Roly Poly balancing doll & Stacking Toy with 5 Rings for Kids ( 1 Years+) - Set of 2 Pieces - Develops curiosity,Baby Rattle,Wood,648.0,Channapatna Toys,8.474133333333333,6.47543271670409
REMAINING,Channapatna Toys Wooden Roly Poly balancing dolls for Kids ( 1 Years+) - Set of 2 Pieces - Develops curiosity & Fine motor skills,Baby Rattle,Wood,699.0,Channapatna Toys,8.474133333333333,6.551080335043404
REMAINING,Channapatna Toys Wooden Roly Poly balancing dolls for Kids ( 1 Years+) - Set of 3 Pieces - Develops curiosity & Fine motor skills,Baby Rattle,Wood,849.0,Channapatna Toys,8.474133333333333,6.745236349484363
REMAINING,Channapatna Toys Wooden Russian Nesting Dolls Penguin Set for Kids (2 years+) - 6 Inch Multicolor - set of 5 pcs - Improves Hand Eye Coordination,Doll,Wood,638.0,Channapatna Toys,8.474133333333333,6.459904454377535
REMAINING,Channapatna Toys Wooden Russian Nesting Dolls Set for Kids | Stacking Dolls (2 Years+) - Set of 5 pcs,Building Blocks,Wood,649.0,Channapatna Toys,8.474133333333333,6.476972362889683
REMAINING,"Channapatna Toys Wooden Russian Nesting Dolls Set/Stacking Dolls for Kids ( 3 Years+)- set of 4 pcs-Develop Problem Solving & Curiosity, Pretend Play",Open-ended / Pretend Play / Educational Toys,"Wood; Color: Natural Wood, Then there is the classic, ORDERING or SEQUENCING by size. Encourage your kids to put them in order from big to small and small to big.",599.0,Channapatna Toys,8.474133333333333,6.396929655216146
REMAINING,Channapatna Toys Wooden Russian Nesting Dolls Set/Stacking toy for Kids ( 2 Years+) - Set of 5 pcs - 6 Inch Multicolor - Develop Problem Solving,Building Blocks,Wood,599.0,Channapatna Toys,8.474133333333333,6.396929655216146
REMAINING,Channapatna Toys Wooden Russian Nesting Dolls for Kids (2 years+) - 6 Inch Multicolor - Set of 5 pcs - Improves Hand Eye Coordination and Fine Motor,Doll,Wood,599.0,Channapatna Toys,8.474133333333333,6.396929655216146
REMAINING,Channapatna Toys Wooden Spinning Tops - Spindle Top for Kids ( 3 Years+) pack of 1 - Multicolor - Curiosity & Fine Motor Skills | Pambaram,Spinning Top,Wood,309.0,Channapatna Toys,8.474133333333333,5.736572297479192
REMAINING,Channapatna Toys Wooden Spinning Tops Lattu for Kids (3 Years+) - Set of 5 Pcs - Multicolor - Curiosity & Fine Motor Skills,Spinning Top,Wood,539.0,Channapatna Toys,8.474133333333333,6.29156913955832
REMAINING,Channapatna Toys Wooden Spinning Tops Toys & Cup Ball Game for Kids (3 Years+) - Set of 4 Pcs - Multicolor - Curiosity & Fine Motor Skills,Spinning Top,Wood,499.0,Channapatna Toys,8.474133333333333,6.214608098422191
REMAINING,Channapatna Toys Wooden Spinning Tops Toys (3 Years+) - Set of 2 Pcs - Multicolor - Curiosity & Fine Motor Skills | Pambaram | Bongaram | Lattu,Spinning Top,Wood,379.0,Channapatna Toys,8.474133333333333,5.940171252720432
REMAINING,Channapatna Toys Wooden Spinning Tops Toys (3 Years+) - Set of 3 Pcs - Multicolor - Curiosity & Fine Motor Skills | Pambaram | Bongaram | Lattu,Spinning Top,Wood,419.0,Channapatna Toys,8.474133333333333,6.040254711277414
REMAINING,Channapatna Toys Wooden Spinning Tops Toys (3 Years+) - Set of 4 Pcs - Multicolor - Curiosity & Fine Motor Skills | Pambaram | Bongaram | Lattu,Spinning Top,Wood,449.0,Channapatna Toys,8.474133333333333,6.1092475827643655
REMAINING,Channapatna Toys Wooden Spinning Tops Toys Combo (3 Years+) - Combo Set of 3 Pcs - Multicolor - Curiosity & Fine Motor Skills | Pambaram | Bongaram,Spinning Top,Wood,398.0,Channapatna Toys,8.474133333333333,5.988961416889864
REMAINING,Channapatna Toys Wooden Spinning Tops Toys Combo (3 Years+) - Set of 3 Pcs - Multicolor - Curiosity & Fine Motor Skills | Pambaram | Bongaram | Lattu,Spinning Top,Wood,398.0,Channapatna Toys,8.474133333333333,5.988961416889864
REMAINING,Channapatna Toys Wooden Spinning Tops Toys Combo Pack of 10 Toys for Kids (3 Years+) - Lattu Spinning Toy Wood - Multicolor - Curiosity,Spinning Top,Wood,1174.0,Channapatna Toys,8.474133333333333,7.069023426578259
REMAINING,Channapatna Toys Wooden Spinning Tops Toys Combo Pack of 6 Toys for Kids (3 Years+) - Multicolor - Curiosity & Fine Motor Skills,Spinning Top,Wood,499.0,Channapatna Toys,8.474133333333333,6.214608098422191
REMAINING,Channapatna Toys Wooden Spinning Tops Toys Combo Pack of 7 Toys for Kids (3 Years+) - Multicolor - Curiosity & Fine Motor Skills,Spinning Top,Wood,599.0,Channapatna Toys,8.474133333333333,6.396929655216146
REMAINING,Channapatna Toys Wooden Spinning Tops Toys Combo for Kids (3 Years+) - Set of 2 Pcs - Multicolor - Curiosity & Fine Motor Skills | Pambaram |Bongaram,Spinning Top,Wood,379.0,Channapatna Toys,8.474133333333333,5.940171252720432
REMAINING,Channapatna Toys Wooden Spinning Tops Toys for Kids (3 Years+) - Set of 3 Pcs - Multicolor - Curiosity & Fine Motor Skills | Pambaram | Bongaram,Spinning Top,Wood,419.0,Channapatna Toys,8.474133333333333,6.040254711277414
REMAINING,Channapatna Toys Wooden Spinning Tops Toys for Kids (3 Years+) - Set of 3 pcs - Curiosity & Fine Motor Skills | Pambaram | Bongaram | Lattu,Spinning Top,Wood,329.0,Channapatna Toys,8.474133333333333,5.799092654460526
REMAINING,Channapatna Toys Wooden Spinning Tops Toys for Kids (3 Years+) Combo Pack of 4 pcs - Multicolor - Curiosity & Fine Motor Skills | Lattoo with String,Spinning Top,Wood,399.0,Channapatna Toys,8.474133333333333,5.991464547107982
REMAINING,Channapatna Toys Wooden Spinning Tops for Kids (3 Years+) - Set of 3 Pcs - Multicolor - Curiosity & Fine Motor Skills,Spinning Top,Wood,399.0,Channapatna Toys,8.474133333333333,5.991464547107982
REMAINING,Channapatna Toys Wooden Squirrel Roly Poly Toy for Babies & Toddlers (1 Year+) | Handcrafted Wobbling Tumbler Toy Montessori Sensory Toy for Curiosity,Educational Toy,Wood,795.0,Channapatna Toys,1.0,6.679599185844383
REMAINING,"Channapatna Toys Wooden Squirrel Roly Poly Toy for Baby, Toddlers, Kids(1 Year+) Wobbling Tumbler Toy- Develops Curiosity & Motor Skills",Baby Rattle,"Made with wood and colored with non toxic paints. No Batteries, No Plastic",765.0,Channapatna Toys,1.0,6.641182169740591
REMAINING,Channapatna Toys Wooden Stacking Rings Game Toy for Kids with painted numbers - (1 Year+) - 10 rings - Multicolor - pack of 1 - Develop Fine Skills,Educational Toy,Wood,489.0,Channapatna Toys,8.474133333333333,6.194405391104672
REMAINING,Channapatna Toys Wooden Stacking Rings Toy for Kids ( 1.5 Years+) - Multicolor - Develop Hand-Eye Coordination & Fine Motor Skills,Building Blocks,Wood,479.0,Channapatna Toys,1.5,6.173786103901937
REMAINING,Channapatna Toys Wooden Stacking Toy Color Matching 15 Rings & Pull Along Toy Snail for Kids ( 1 Years+) - Set of 2 Pcs - Develops curiosity,Building Blocks,Wood,1099.0,Channapatna Toys,8.474133333333333,7.003065458786462
REMAINING,Channapatna Toys Wooden Tic Tac Toe Board Game | Strategy Game | Party Game | Outdoor & Indoor Game | Perfect for Gift | for Kids and Adults,Art & Craft,Wood,698.0,Channapatna Toys,8.474133333333333,6.54965074223381
REMAINING,"Channapatna Toys Wooden Toy Gift Set for Babies (6+ Months) | Montessori-Inspired Handmade Wooden Car, Rattle & Rainbow Spinning Roly Poly Toy Set",Educational Toy,Wood,999.0,Channapatna Toys,6.0,6.907755278982137
REMAINING,"Channapatna Toys Wooden Toys Gift Set Pack of 11 Toys for Kids, Boys, Girls, Toddlers, Preschool, Infants (1 Years+) - Multicolor",Baby Grasping Toy,Ivory wood (Wrightia tinctoria),2299.0,Channapatna Toys,8.474133333333333,7.7406644019172415
REMAINING,"Channapatna Toys Wooden Train Engine Pull Along Toy for 12 Months & Above Kids,Toddlers,Infant & Preschool Toy-Multicolor, Hand eye coordination",Baby Grasping Toy,Treated and carved by the Soft Ivory wood or called as Alada Mara in Kannada Color : Coated with lacquer which is made from vegetable dyes,399.0,Channapatna Toys,12.0,5.991464547107982
REMAINING,Channapatna Toys Wooden Women Russian Nesting Dolls Set for kids ( 3 Years+) - 6 inch Red - Pack of 5 pcs - Develop Problem Solving & Curiosity,Doll,Wood,616.0,Channapatna Toys,8.474133333333333,6.424869023905388
REMAINING,Channapatna Toys Wooden Xylophone & Jingle bell Rattle toys for kids ( 1 Year+) - 5 nodes - Multicolor - Discover Music | Xylophone Musical Toy,Baby Rattle,Wood,399.0,Channapatna Toys,5.0,5.991464547107982
REMAINING,"Channapatna Toys Wooden christmas santa Roly Poly Toy for Baby, Toddlers, Kids(1 Year+) Wobbling Tumbler Toy- Develops Curiosity & Motor Skills",Baby Rattle,"Made with wood and colored with non toxic paints. No Batteries, No Plastic",799.0,Channapatna Toys,1.0,6.684611727667927
REMAINING,"Channapatna Toys Wooden rattle toys for baby/New-Born Infant Kids - Set of 4 pcs - multicolor - Discover Sounds, Develops Sensory Skills",Baby Rattle,Ivory wood (Wrightia tinctoria),499.0,Channapatna Toys,8.474133333333333,6.214608098422191
REMAINING,"Channapatna Toys Wooden rattle toys for baby/New-Born Infant Kids set of 4 pcs - multicolor - Discover Sounds, Develops Sensory Skills",Baby Rattle,Wood,489.0,Channapatna Toys,8.474133333333333,6.194405391104672
REMAINING,"Channapatna Toys Wooden rattle toys for baby/New-Born Infant Kids set of 4 pcs - multicolor - Discover Sounds, Develops Sensory Skills",Baby Rattle,Wood,499.0,Channapatna Toys,8.474133333333333,6.214608098422191
REMAINING,"Channapatna Toys Wooden rattle toys for new born babies, baby - Sound Making Toys 2 pcs - Discover Sounds",Baby Rattle,Treated and carved by the Soft Ivory wood or called as Alada Mara in Kannada Color : Coated with lacquer which is made from vegetable dyes.,419.0,Channapatna Toys,2.0,6.040254711277414
REMAINING,"Channapatna Toys Wooden rattle toys for new born babies/Infants (0+ years) - set of 2 pcs - multicolor - Discover Sounds, Develops Sensory Skills",Baby Rattle,Ivory wood (Wrightia tinctoria),399.0,Channapatna Toys,8.474133333333333,5.991464547107982
REMAINING,"Channapatna Toys Wooden rattles for Baby/New-born Infant Kids set of 4 pcs - multicolor - Discover Sounds, Develops Sensory Skills",Baby Rattle,Ivory wood (Wrightia tinctoria),489.0,Channapatna Toys,8.474133333333333,6.194405391104672
REMAINING,"Channapatna Toys Wooden rattles toys for Baby/New born Infant Kids set of 4 pcs - multicolor - Discover Sounds, Develops Sensory Skills",Baby Rattle,Wood,499.0,Channapatna Toys,8.474133333333333,6.214608098422191
REMAINING,"Channapatna Toys colorful Wooden rattle toys for baby/New-born Infant Kids set of 4 pcs - multicolor - Discover Sounds, Develops Sensory Skills",Baby Rattle,Ivory wood (Wrightia tinctoria),499.0,Channapatna Toys,8.474133333333333,6.214608098422191
REMAINING,Channapatna Toys wooden handmade key chains Indian Desi Keychains set of 25 pcs Birthday return gifts,Keychain,Wood,1699.0,Channapatna Toys,8.474133333333333,7.438383530044307
REMAINING,"Channapatna Toys wooden rattles for baby/Infants ( 0+ Years) - set of 3 pcs - multicolor - Discover Sounds, Develops Sensory Skills",Baby Rattle,Wood,469.0,Channapatna Toys,8.474133333333333,6.152732694704104
REMAINING,"Channapatna Toys wooden rattles toys for Baby/Infants, new born ( 0+ Years) - set of 3 pcs - multicolor - Discover Sounds, Develops Sensory Skills",Baby Rattle,"100% sustainable wooden toy with non-toxic, water-based dyes ,child safe. No batteries, no plasticn toy rattle provides tactile, sonic and visual stimulation",439.0,Channapatna Toys,8.474133333333333,6.0867747269123065
REMAINING,Channapatna Traditional Wooden Cooking / Kitchen Toys Play Set (Choppu Jaman) – 14 Pieces,Kitchen / Storage,Wood,679.0,Channapatna Toys,14.0,6.522092798170152
REMAINING,"Channapatna Wooden Baby Rattle and Teether, Natural Beech Wood, 0-12 Months, Handcrafted in India, GI tagged and ODOP certified",Baby Rattle,Wood,399.0,Channapatna Toys,12.0,5.991464547107982
REMAINING,"Channapatna Wooden Christmas Figurine Baubles, Wooden Christmas Ornaments, Set of 4",Home Decor,Wood,499.0,Channapatna Toys,8.474133333333333,6.214608098422191
REMAINING,Channapatna Wooden Couple Dolls for Kids & Home Decor | Handmade Traditional Indian Peg Dolls | Eco-Friendly Natural Handcrafted Cultural Figurines,Open-ended / Pretend Play / Educational Toys,Wood,499.0,Channapatna Toys,8.474133333333333,6.214608098422191
REMAINING,"Channapatna Wooden Cup & Ball Toy | Traditional Skill Game for Focus, Stress Relief Toy | Montessori Eco-Friendly Wooden Toy for Kids",Educational Toy,Wood,399.0,Channapatna Toys,8.474133333333333,5.991464547107982
REMAINING,"Channapatna Wooden Decorative Dolls, Traditional Indian Art, Hand-Painted Figurines, Set of 2",Art & Craft,"Crafted from locally sourced wood with safe, non-toxic lacquer colours, making them perfect as decorative pieces",499.0,Channapatna Toys,8.474133333333333,6.214608098422191
REMAINING,"Channapatna Wooden Doll – Handcrafted Traditional Karnataka Figurine | Eco-Friendly, Non-Toxic Decorative Toy | Indian Folk Art by Meeran Art & Crafts",Art & Craft,Wood,799.0,Channapatna Toys,8.474133333333333,6.684611727667927
REMAINING,"Channapatna Wooden Doll, Indian, Traditional Karnataka Folk Art Figurine, Handcrafted Decorative Collectible, Eco-Friendly, Non-Toxic Decorative Toy",Art & Craft,Wood,799.0,Channapatna Toys,8.474133333333333,6.684611727667927
REMAINING,Channapatna Wooden Family Peg Dolls Set of 6 | Montessori Open-Ended Pretend Play Toys for Kids | Handcrafted & Non-Toxic Learning Toy | 3+ Years,Educational Toy,Wood,679.0,Channapatna Toys,8.474133333333333,6.522092798170152
REMAINING,Channapatna Wooden Family Russian Nesting Dolls Set for Kids (2 Years+) - 6 Inch Multicolor - Set of 5 pcs - GI tag & ODOP Certified,Doll,Made from natural cuts of wood and decorated with safe water-based paints,649.0,Channapatna Toys,8.474133333333333,6.476972362889683
REMAINING,"Channapatna Wooden Farmer Couple Dolls Toys for Kids, 5 inch, Set of 2, Multi-Colour",Art & Craft,Wood,599.0,Channapatna Toys,8.474133333333333,6.396929655216146
REMAINING,"Channapatna Wooden Farmer Couple Dolls, Traditional Indian Village Decor, Handcrafted Decorative Figurines, Cultural Craft Gift for Kids & Home Decor",Art & Craft,Wood,599.0,Channapatna Toys,8.474133333333333,6.396929655216146
REMAINING,"Channapatna Wooden Indian Raja Rani Roly Poly Dolls, Traditional Handcrafted Toys, Set of 2, Green and Turquoise",Baby Rattle,Wood,749.0,Channapatna Toys,8.474133333333333,6.620073206530356
REMAINING,"Channapatna Wooden Kitchen Play Set, 16 Pieces Pretend Cooking Toys, Multicolour, Ages 2+ | GI tagged & ODOP certified",Art & Craft,Wood,949.0,Channapatna Toys,16.0,6.856461984594587
REMAINING,"Channapatna Wooden Lagori, Pitthu Traditional Outdoor Game of India, Stacking Blocks & Ball for Children, Toddlers, Kids & Family, 2 Teams, Ages 6 +",Building Blocks,Wood,499.0,Channapatna Toys,6.0,6.214608098422191
REMAINING,Channapatna Wooden Magic Spinning Tops – Handcrafted Non-Toxic Traditional Whirling Toy for Kids,Art & Craft,Natural Wood,249.0,Channapatna Toys,8.474133333333333,5.521460917862246
REMAINING,Channapatna Wooden Montessori Rainbow Spinner Drum Toy with Rattle Sound & Stacking Toy for Babies (6+ Months) | Sensory & Fine Motor Skills,Educational Toy,Wood,1599.0,Channapatna Toys,6.0,7.3777589082278725
REMAINING,"Channapatna Wooden Montessori Toys – Wooden Bus, Car, Rainbow Stacker & Maraca Rattle | Safe Educational Toy Gift Set for Toddlers, Kids 1-3 Years",Educational Toy,Natural wood,1499.0,Channapatna Toys,3.0,7.313220387090301
REMAINING,Channapatna Wooden Pull Along Giraffe Toy – Yellow | GI Tagged Handcrafted Wooden Toy for Toddlers | Eco-Friendly & Child-Safe,Animal Toy,Sustainable Ivory Wood,439.0,Channapatna Toys,8.474133333333333,6.0867747269123065
REMAINING,"Channapatna Wooden Raja Rani Roly Poly Dolls, Set of 2, Multicolour",Baby Rattle,Wood,1499.0,Channapatna Toys,8.474133333333333,7.313220387090301
REMAINING,Channapatna Wooden Stacking Toy & Roly Poly Toy Set for Kids (1+ Years) – Handcrafted Educational Toys | Multicolor,Educational Toy,Made from natural wood with non-toxic colors,799.0,Channapatna Toys,1.0,6.684611727667927
REMAINING,"Channapatna Wooden Toy Scooter, Traditional Handcrafted, Red and Yellow",Art & Craft,Wood,830.0,Channapatna Toys,8.474133333333333,6.7226297948554485
REMAINING,Channapatna toys Neem Wood Baby Teething Toys for Babies 0-12 Months Baby Toys 0-3-6-12 Months 4 Shapes Infant Toys Baby Teether Teethers for Babies,Educational Toy,Ivory wood (Wrightia tinctoria),499.0,Channapatna Toys,12.0,6.214608098422191
REMAINING,Channapatna toys Neem Wooden Teethers for babies - brown - pack of 3 pieces,Baby Grasping Toy,Wood,399.0,Channapatna Toys,8.474133333333333,5.991464547107982
REMAINING,Channapatna toys Wood Baby Teething Ring Toys for Babies 0-12 Months Baby Toys 0-12 Months 2 Shapes Infant Toys Teethers for Babies Gifts Toys,Educational Toy,Wood,351.0,Channapatna Toys,12.0,5.863631175598097
REMAINING,Channapatna toys Wooden Bird Whistle Toys for Kids ( 1 Year+) - Set of 6 pcs - Multicolor - Discover Sounds,Animal Toy,Wood,679.0,Channapatna Toys,8.474133333333333,6.522092798170152
REMAINING,Channapatna toys Wooden Police Couple Dolls for kids (3 Years+) 9 inch khaki color- Set of 2 pcs - Learning the professions,Educational Toy,Wood,799.0,Channapatna Toys,8.474133333333333,6.684611727667927
REMAINING,Channapatna toys Wooden Rainbow Spinner Drum & Stacking Toy with Rattle Sound for Babies (6+ Months) | Sensory & Fine Motor Skills,Baby Rattle,Wood,1599.0,Channapatna Toys,6.0,7.3777589082278725
REMAINING,"Channapatna toys Wooden Roly Poly Balancing Dolls for Kids (1 Years+) - Set of 2 Pieces , GI Tagged and ODOP Certified",Baby Rattle,"Made with wood and colored with non toxic paints. No Batteries, No Plastic",616.0,Channapatna Toys,8.474133333333333,6.424869023905388
REMAINING,Channapatna toys Wooden Snake Brainstorming Puzzle Cube Game Toy for Kids ( 14 years+) - ( 3x3x3 inches),Educational Toy,Wood,349.0,Channapatna Toys,35.56,5.857933154483459
REMAINING,Channapatna toys Wooden Traffic Police Couple Dolls for kids (3 Years+) 9 inch uniform color- Set of 2 pcs - Learning the professions,Educational Toy,Wood,799.0,Channapatna Toys,8.474133333333333,6.684611727667927
REMAINING,"Channapatna toys wooden rattle toys for baby, infants/newborn babies ( 0+ Years) -set of 5- multi color - Discover Sounds, Develops Sensory Skills",Baby Rattle,Wood,759.0,Channapatna Toys,8.474133333333333,6.633318433280377
REMAINING,"Channapatna toys wooden rattles toys for baby, infants, new born babies (0+ Years) - set of 5 pcs - multicolor-Discover Sound,Develop Sensory Skill",Baby Rattle,Ivory wood (Wrightia tinctoria),727.0,Channapatna Toys,8.474133333333333,6.590301048196686
REMAINING,"Copy of Channapatna Toys Premium Pull Along Toy Wooden Giraffe for Toddlers, Infant & Preschool Toys - with Attached String- Encourage Walking",Animal Toy,Wood,598.0,Channapatna Toys,8.474133333333333,6.395261598115449
REMAINING,"Eco-Friendly Montessori Wooden Puzzle Toys For 1 2 3 Year Old Boys Girls- Sorting & Stacking Toys For Baby Toddlers Blocks, Educational Shape Color",Educational Toy,Wood,569.0,Channapatna Toys,3.0,6.345636360828596
REMAINING,"Handcrafted unpainted wooden Russian nesting dolls (set of 5) made using GI-tagged Channapatna craft. DIY painting, Montessori learning creative play",Educational Toy,Wood,499.0,Channapatna Toys,8.474133333333333,6.214608098422191
REMAINING,"Interactive Learning Toys for Toddlers Wooden Shapes Puzzle, Montessori Brain Teaser Puzzle Board with 9 Geometric Shapes Toys for Kids, 3+ Years",Educational Toy,Wood,659.0,Channapatna Toys,9.0,6.492239835020471
REMAINING,MEERAN ART AND CRAFTS 100% Natural Wooden NEEM Spoon & Spatula with Kitchen Towel,Art & Craft,Natural Wood,359.0,Channapatna Toys,100.0,5.886104031450156
REMAINING,MEERAN ART AND CRAFTS CHANNAPATNA Handmade Wooden Flower Vase for Home Living Room Decoration Handcrafted Wooden Flower Vase for Wall Shelf Center,Art & Craft,Wood,799.0,Channapatna Toys,8.474133333333333,6.684611727667927
REMAINING,"MEERAN ART AND CRAFTS CHANNAPATNA Handmade Wooden Jar, Wooden Container with Lid Cover for Tea Coffee Sugar Jar/Container/Storage Multipurpose",Art & Craft,Wood,479.0,Channapatna Toys,8.474133333333333,6.173786103901937
REMAINING,MEERAN ART AND CRAFTS CHANNAPATNA Wooden Salt/Spice Container - Kitchen or Dining Table Spice and Herb Container |Sugar Jar | Spice Bowl,Art & Craft,Wood,499.0,Channapatna Toys,8.474133333333333,6.214608098422191
REMAINING,MEERAN ART AND CRAFTS Channapatna Toys Wooden Indian Traditional Couple,Art & Craft,Wood,489.0,Channapatna Toys,8.474133333333333,6.194405391104672
REMAINING,MEERAN ART AND CRAFTS Handmade Non toxic Foodsafe Natural NEEM Wood Spoons and Cutting Board with Kitchen Towel,Art & Craft,Wood,849.0,Channapatna Toys,8.474133333333333,6.745236349484363
REMAINING,MEERAN ART AND CRAFTS Handmade Non toxic wooden spoons set for cooking & serving (Natural Wood) Pack of 5 Pcs,Art & Craft,Natural Wood,689.0,Channapatna Toys,8.474133333333333,6.536691597591305
REMAINING,"MEERAN ART AND CRAFTS Handmade Wooden Spoons for Serving & Cooking Set of 3 pcs | Kitchen Utensils | Non toxic, Foodsafe",Art & Craft,Wood,399.0,Channapatna Toys,8.474133333333333,5.991464547107982
REMAINING,Meeran Art & Crafts Handmade Wooden Cooking Spoons Food safe with Kitchen Cloth - Set of 3 pcs,Art & Craft,Wood; Color: Natural Wood,399.0,Channapatna Toys,8.474133333333333,5.991464547107982
REMAINING,"Meeran Art & Crafts Natural Neem Wood Chopping Cutting Board for Kitchen Vegetables, Fruits & Cheese, BPA Free, Eco-Friendly, Anti-Microbial",Art & Craft,Wood,549.0,Channapatna Toys,8.474133333333333,6.309918278226516
REMAINING,Meeran Art And Crafts Reversible Wooden Cutting Board/Wooden Chopper Board for Kitchen with Wooden Spoon and Spatula As A Set of 3 pcs - Foodsafe,Art & Craft,Wood; Color: Natural Wood,699.0,Channapatna Toys,8.474133333333333,6.551080335043404
REMAINING,"Meeran Art and Crafts Natural Neem Wood Cutting Chopping Board for Kitchen Vegetables, Fruits & Cheese, BPA Free, Eco-Friendly",Art & Craft,Wood,549.0,Channapatna Toys,8.474133333333333,6.309918278226516
REMAINING,"Montessori Wooden Toy Gift Set for Toddlers, Handcrafted Wooden Bus, Rainbow Stacker & Maraca Rattle, Educational, Learning Toy Set for Kids 1-3 Years",Educational Toy,Wood,1099.0,Channapatna Toys,3.0,7.003065458786462
REMAINING,"Reading & Spelling Learning Toy, Wooden Letters Flash Cards Sight Words Matching ABC Alphabet Game Preschool Educational Tool Set 3 4 5 Years Old Kids",Educational Toy,Wood,599.0,Channapatna Toys,5.0,6.396929655216146
REMAINING,"Traditional Channapatna Wooden Kathakalli Dancing Dolls, Hand-Painted, Set of 4, Multicolour",Art & Craft,Wood,699.0,Channapatna Toys,8.474133333333333,6.551080335043404
REMAINING,"Traditional Premium Wooden Cooking/Kitchen Toy Play Set for Kids, Girls, Baby ( 2 Years+) 16 Pieces Toy Set Multicolor- Pretend & Play Preschool Toy",Kitchen / Storage,Wood,799.0,Channapatna Toys,16.0,6.684611727667927
REMAINING,Wooden Shape Color Sorting Clock Teaching Time Number Blocks Stacking Sorter Simple Patterns Puzzle Montessori Early Learning Toy Gift for 3+ Year Old,Educational Toy,Wood,444.0,Channapatna Toys,3.0,6.09807428216624
REMAINING,"Wooden Shapes Puzzle Learning Toy, Montessori Brain Teaser Puzzle Board with 10 Geometric Shapes, Interactive Game Educational Toys for Kids, 3+ Years",Educational Toy,Wood,659.0,Channapatna Toys,10.0,6.492239835020471
REMAINING,"channapatna Traditional Premium Wooden Cooking/Kitchen Toy Play Set for Kids, Girls, Baby ( 2 Years+) 16 Pieces Toy Set Multicolor- Pretend & Play",Kitchen / Storage,Wood,799.0,Channapatna Toys,16.0,6.684611727667927
REMAINING,channapatna toys Toys Wooden Spinning Tops for Kids (3 Years+) - Set of 3 Pcs - Multicolor - Curiosity & Fine Motor Skills,Spinning Top,Wood,429.0,Channapatna Toys,8.474133333333333,6.063785208687608
REMAINING,Handmade Wooden Sensory Play Table,Activity Toy,Wood,12311.0,Etsy,8.474133333333333,9.418329675518715
REMAINING,Self-running Wooden Animals,Activity Toy,Maple/beech wood,1734.0,Etsy,8.474133333333333,7.45876269238096
REMAINING,Jumping Jack Cat Toy,Animal Toy,Wood,4026.0,Etsy,8.474133333333333,8.300776960851454
REMAINING,Wooden Reindeer Toy,Animal Toy,Birch/beech wood,3268.0,Etsy,8.474133333333333,8.092239406724211
REMAINING,Handmade Wooden Baby Rattle Non-Toxic Indian Toy,Baby Rattle,Wood,1898.53,Etsy,8.474133333333333,7.549361766132865
REMAINING,Natural Tree Building Blocks,Building Blocks,Wood,8629.0,Etsy,8.474133333333333,9.062999784077473
REMAINING,Wooden Educational Geometric Blocks,Building Blocks,Beech wood,4884.0,Etsy,8.474133333333333,8.493924564476883
REMAINING,Channapatna Baby Giraffe Puzzle Alphabet Numbers,Channapatna Puzzle,Wood,5351.37,Etsy,8.474133333333333,8.585294732452866
REMAINING,Set of 2 Wood Puzzle Game Channapatna Brain Teaser,Channapatna Puzzle,Wood,2524.67,Etsy,8.474133333333333,7.834261653045949
REMAINING,Channapatna Baby Stacking Toy Puzzle Pastel Colorful,Channapatna Toy,Wood,3750.08,Etsy,8.474133333333333,8.229799077500417
REMAINING,Channapatna Wood Wooden Toy Rattle Toddler Baby Toy,Channapatna Toy,Wood,2516.99,Etsy,8.474133333333333,7.831216243190529
REMAINING,Indian Channapatna Folkart Toy Doll Rattle,Channapatna Toy,Wood,1750.87,Etsy,8.474133333333333,7.4684390678300705
REMAINING,Wooden Alphabet and Number Puzzles for Toddlers,Educational Puzzle,Wood,8144.0,Etsy,8.474133333333333,9.005159521036145
REMAINING,Handmade Montessori Busy Board,Educational Toy,Wood/playwood,10757.0,Etsy,8.474133333333333,9.283404942833188
REMAINING,Montessori Busy Board,Educational Toy,Birch plywood,8717.0,Etsy,8.474133333333333,9.073145132798338
REMAINING,Montessori Busy Board Spaceship Control Panel,Educational Toy,Wood,3464.0,Etsy,8.474133333333333,8.150467911624004
REMAINING,Montessori Knobbed Cylinder Blocks,Educational Toy,Wood,4055.0,Etsy,8.474133333333333,8.30795254527102
REMAINING,Montessori Starter Set,Educational Toy,Acacia wood,4791.0,Etsy,8.474133333333333,8.474703139795285
REMAINING,Toddler Busy Cube,Educational Toy,Wood,37815.0,Etsy,8.474133333333333,10.540487572473072
REMAINING,Weather Set Wooden Toy,Educational Toy,Lime wood,3157.0,Etsy,8.474133333333333,8.057694194815587
REMAINING,Wooden Montessori Wall Busy Board,Educational Toy,Wood,12072.0,Etsy,8.474133333333333,9.398726833332388
REMAINING,Handcrafted Open Ended Wooden Toy Figure Fairy Tale,Figurine Toy,Maple wood,1726.0,Etsy,8.474133333333333,7.454141078146678
REMAINING,Channapatna Etikoppaka Wooden Figurine,Indian Wooden Figurine,Wood,6136.67,Etsy,8.474133333333333,8.722200470293515
REMAINING,Indian Handmade Lorry / Truck Showpiece,Indian Wooden Toy,Wood,5394.0,Etsy,8.474133333333333,8.593227877692234
REMAINING,Handcrafted Open Ended Wooden Toy Castles,Open-ended Toy,Alder wood,2198.0,Etsy,8.474133333333333,7.695757990554761
REMAINING,Handcrafted Open Ended Wooden Toy Tree,Open-ended Toy,Maple wood,4945.0,Etsy,8.474133333333333,8.506334448081361
REMAINING,Wooden Trees Toy Set,Open-ended Toy,Lime wood,6880.0,Etsy,8.474133333333333,8.83651926920248
REMAINING,Blank 12x16.5 Guest Book Wooden Puzzle,Puzzle,Wood/plywood,1626.0,Etsy,16.5,7.394493107219038
REMAINING,Handcrafted 12-piece Wooden Puzzle,Puzzle,Wood,2752.0,Etsy,12.0,7.920446505142607
REMAINING,Handmade Maple Wooden Puzzle,Puzzle,Maple wood,4007.0,Etsy,8.474133333333333,8.2960476427647
REMAINING,Hilbert Curve Fractal Wooden Puzzle,Puzzle,Wood,2685.0,Etsy,8.474133333333333,7.895808377083183
REMAINING,Peacock Wooden Puzzle,Puzzle,Wood/paper,1844.0,Etsy,8.474133333333333,7.520234556474628
REMAINING,Personalized Wooden Puzzle,Puzzle,Wood,1199.0,Etsy,8.474133333333333,7.090076835776092
REMAINING,Wolverine Wooden Puzzle Toy,Puzzle,Wood,1725.0,Etsy,8.474133333333333,7.453561871643373
REMAINING,Wooden Puzzle Bear,Puzzle,Plywood/wood,2563.0,Etsy,8.474133333333333,7.849323818040561
REMAINING,Wooden Puzzle Blank Round Shape,Puzzle,Wood,751.0,Etsy,8.474133333333333,6.62273632394984
REMAINING,Wooden Puzzle for Kids - Various Shapes,Puzzle,Birch plywood,2313.0,Etsy,8.474133333333333,7.746732907753622
REMAINING,Wooden Zoo Puzzle,Puzzle,Wood,5751.0,Etsy,8.474133333333333,8.657302899400882
REMAINING,"Mountain Wooden Toy, Wooden Stacker Toy",Stacking Toy,Alder wood,4928.0,Etsy,8.474133333333333,8.502891406705377
REMAINING,Pyramid Wooden Stacker,Stacking Toy,Wood,2342.0,Etsy,8.474133333333333,7.759187438507795
REMAINING,Wooden Neutral Color Stacker,Stacking Toy,Lime wood,2487.0,Etsy,8.474133333333333,7.81923445385907
REMAINING,Wooden Shape Stacking Toy,Stacking Toy,Maple/cherry wood,3100.0,Etsy,8.474133333333333,8.03947991910045
REMAINING,Wooden Snail Stacking Toy,Stacking Toy,Alder wood,2579.0,Etsy,8.474133333333333,7.855544677915663
REMAINING,Wooden Stacking Toy,Stacking Toy,Wood,911.0,Etsy,8.474133333333333,6.815639990074331
REMAINING,Montessori Toy Shelf,Toy Storage / Furniture,Birch plywood/MDF,14179.0,Etsy,8.474133333333333,9.559587800086119
REMAINING,Handcrafted Wooden Horse Toy with Wheels,Toy Vehicle,Natural oak wood,2497.0,Etsy,8.474133333333333,7.823245690685523
REMAINING,Handmade Wooden Fire Truck Toy,Toy Vehicle,Wood,23088.0,Etsy,8.474133333333333,10.047111592619004
REMAINING,Handmade Wooden Toy Vespa Scooter,Toy Vehicle,Wood,7480.0,Etsy,8.474133333333333,8.920121751872404
REMAINING,Wood Toy Wagon for Small Tractor,Toy Vehicle,Wood,1822.0,Etsy,8.474133333333333,7.508238774678663
REMAINING,Wooden Puzzle Train Set,Toy Vehicle,Beech wood,11320.0,Etsy,8.474133333333333,9.334414687078109
REMAINING,Wooden School Bus Toy,Toy Vehicle,Wood,4889.0,Etsy,8.474133333333333,8.494947582468917
REMAINING,Wooden Toy Car Set of 2,Toy Vehicle,Pine,2597.0,Etsy,8.474133333333333,7.862497197230545
REMAINING,Wooden Toy Car: Shellac Finished,Toy Vehicle,Wood,2685.0,Etsy,8.474133333333333,7.895808377083183
REMAINING,Wooden Toy Car: Speedy Wheels Collection,Toy Vehicle,Wood,2685.0,Etsy,8.474133333333333,7.895808377083183
REMAINING,Wooden Toy Minivan,Toy Vehicle,Wood,1151.0,Etsy,8.474133333333333,7.049254841255837
REMAINING,Wooden Toy Sailboat,Toy Vehicle,Alder/cotton,3721.0,Etsy,8.474133333333333,8.222016437202196
REMAINING,Wooden Toy Train Set with Trailer,Toy Vehicle,Beech wood,7078.0,Etsy,8.474133333333333,8.86488793377419
REMAINING,Personalized Wooden Yoyo with Engraved Name,Yo-Yo,Wood,1688.0,Etsy,8.474133333333333,7.4318919168078
REMAINING,"Multiple Games Set of 2 Ludo + Chess + Snakes & Ladders, Size 12x12 Inches, Type MDF Wood",Activity Toy,MDF Wood,161.0,Meesho,8.474133333333333,5.087596335232384
REMAINING,Wooden Premium Quality Ludo+Snake ladder,Activity Toy,Wood,111.0,Meesho,8.474133333333333,4.718498871295094
REMAINING,Body Parts wooden Jigsaw Preschool & Playgroup Educational Puzzle kids toys for age 2 to 5 year baby boys & gils,Educational Toy,Wood,106.0,Meesho,5.0,4.672828834461906
REMAINING,Kids Wooden Learning Puzzle Board | Alphabet & Numbers Educational Toy,Educational Toy,Wood,199.0,Meesho,8.474133333333333,5.298317366548036
REMAINING,Wooden Alphabet & Number Puzzle Board for Kids | Early Learning Educational Toy,Educational Toy,Wood,177.0,Meesho,8.474133333333333,5.181783550292085
REMAINING,"Wooden Alphabet Puzzle Toys, ABC Letter & Number Puzzle for Toddlers 18+ Months Old",Educational Toy,Wood,110.0,Meesho,18.0,4.709530201312334
REMAINING,Wooden Educational Creative learning A To Z English Alphabets Board Puzzle,Educational Toy,Wood,124.0,Meesho,8.474133333333333,4.8283137373023015
REMAINING,Wooden Educational Creative learning A To Z English Alphabets Board Puzzle,Educational Toy,Wood,144.0,Meesho,8.474133333333333,4.976733742420574
REMAINING,"Wooden Educational Puzzle Board Set for Kids | Alphabet, Numbers & Shapes Learning Toy",Educational Toy,Wood,175.0,Meesho,8.474133333333333,5.170483995038151
REMAINING,"Wooden Learning Educational Board for Kids, Alphabet & Number & Shape Puzzles for Kids",Educational Toy,Wood,199.0,Meesho,8.474133333333333,5.298317366548036
REMAINING,"Wooden Learning Educational Board for Kids, Puzzle Toys for 2 Years Old Boys & Girls (Alphabets, Numbers & Shapes)",Educational Toy,Wood,188.0,Meesho,2.0,5.241747015059643
REMAINING,"Wooden Learning Educational Board for Kids, Puzzle Toys for 2 Years Old Boys & Girls Educational Toys for Toddlers & Preschoolers, ABCD for Kids",Educational Toy,Wood,192.0,Meesho,2.0,5.262690188904886
REMAINING,"Wooden Learning Educational Game Board for Kids, Puzzle Toys for 2 Years Old Boys & Girls (Alphabets, Numbers & Shapes)",Educational Toy,Wood,189.0,Meesho,2.0,5.247024072160486
REMAINING,"Wooden Learning Educational Game Board for Kids, Puzzle Toys for 2 Years Old Boys & Girls (Alphabets, Numbers & Shapes)",Educational Toy,Wood,188.0,Meesho,2.0,5.241747015059643
REMAINING,"Wooden Learning Puzzle Board for Kids | Alphabet Letters, Numbers & Shapes To",Educational Toy,Wood,171.0,Meesho,8.474133333333333,5.147494476813453
REMAINING,Wooden Shape Puzzle Board for Kids | Montessori Educational Toy with Colourful Geometric Shapes,Educational Toy,Wood,98.0,Meesho,8.474133333333333,4.59511985013459
REMAINING,kids Wooden Educational Creative learning A To Z English Alphabets Board Puzzle,Educational Toy,Wood,117.0,Meesho,8.474133333333333,4.770684624465665
REMAINING,"Kids Montessori Slide Puzzle I Color & Pattern Matching Learning Toys for Kids, Color Coder Wooden Puzzle 4-8 Years",Puzzle,Wood,189.0,Meesho,8.0,5.247024072160486
REMAINING,"Wooden Russian Blocks Puzzles for Kids Adults, Wood Intelligence Kids Toys",Puzzle,Wood,166.0,Meesho,8.474133333333333,5.117993812416755
REMAINING,ARIRO TOYS Kids Wooden Grasping Beads Activity Toys,Activity Toy,Wood,249.0,Myntra,8.474133333333333,5.521460917862246
REMAINING,Kids Memory Game- Brain Puzzle & Memory Matching Wooden Toy,Activity Toy,Cardboard,1499.0,Myntra,8.474133333333333,7.313220387090301
REMAINING,Kids Wooden Jet Aeroplane DIY KIT Puzzle,Activity Toy,MDF Wood,298.0,Myntra,8.474133333333333,5.700443573390687
REMAINING,Kids Wooden Push & Pull Hen Animal Toys,Activity Toy,Wood,380.0,Myntra,8.474133333333333,5.942799375126701
REMAINING,Kids Wooden Wheels Push & Pull Animal Duck Toys,Activity Toy,Wood,308.0,Myntra,8.474133333333333,5.733341276897746
REMAINING,MiArcus Kids Wooden Bell Toy,Activity Toy,Wood,799.0,Myntra,8.474133333333333,6.684611727667927
REMAINING,shumee Kids Flower Garden Wooden Gear Toys,Activity Toy,Wood,999.0,Myntra,8.474133333333333,6.907755278982137
REMAINING,shumee Kids Multi-Coloured Wooden Rainbow Spinner Activity Toy,Activity Toy,Wood,1499.0,Myntra,8.474133333333333,7.313220387090301
REMAINING,PLANET of Toys Kids Canvas Painting Kit & Water Color Tube,Art & Craft,Wood & paper,843.0,Myntra,8.474133333333333,6.738152494595957
REMAINING,Kuber Industries Slingshot Board Game with 10 Pucks,Board Game,Wood,1399.0,Myntra,10.0,7.24422751560335
REMAINING,MUREN Kids Scratch Resistant 2 in 1 Wooden Shisima & Tic Tac Toe Board Game,Board Game,Wood,1999.0,Myntra,2.0,7.600902459542082
REMAINING,Unravel India Set of 2 Chess Brass Chess Set with Wooden Board,Board Game,Wood,6599.0,Myntra,8.474133333333333,8.794824928014517
REMAINING,CHANAK Math Genius Wooden Numbers,Educational Toy,Wood,899.0,Myntra,8.474133333333333,6.802394763324311
REMAINING,Kids Brown & Red Wooden Counting Numbers Activity Toy,Educational Toy,Wood,619.0,Myntra,8.474133333333333,6.429719478039138
REMAINING,Kids Montessori Learning Wooden Toys,Educational Toy,Wood,3300.0,Myntra,8.474133333333333,8.101980731853192
REMAINING,Kids Wooden Alphabet Puzzle Educational Montessori Board 2+,Educational Toy,Wood,306.0,Myntra,2.0,5.726847747587197
REMAINING,Kids Wooden Kannada Letters Tracing Board,Educational Toy,Wood,589.0,Myntra,8.474133333333333,6.380122536899765
REMAINING,PLANET of Toys Urdu Alphabet and Number Wooden Board Peg,Educational Toy,Wood,899.0,Myntra,8.474133333333333,6.802394763324311
REMAINING,Wooden Pattern Tracing Board,Educational Toy,Wood,898.0,Myntra,8.474133333333333,6.80128303447162
REMAINING,Wooden Tracing Board for Learning to Write Number 0 to 10 for Kids 3+ Yrs,Educational Toy,Wood,599.0,Myntra,10.0,6.396929655216146
REMAINING,shumee Kids Green Printed 5-in-1 Wooden Activity Triangle Learning Toy,Educational Toy,Wood,2999.0,Myntra,5.0,8.006367567650246
REMAINING,shumee Kids Yellow & Orange 3-in-1 Wooden Number & Shape Sorting House,Educational Toy,Wood,1999.0,Myntra,3.0,7.600902459542082
REMAINING,MiArcus Kids Wooden Maracas Toy Pack of 2,Musical Toy,Wood,1274.0,Myntra,8.474133333333333,7.150701457592526
REMAINING,shumee Kids Wooden Lion Tambourine,Musical Toy,Wood,1399.0,Myntra,8.474133333333333,7.24422751560335
REMAINING,Clapjoy Kids Wooden Toy House with Furniture Do-It-Yourself Kit,Pretend Play,Wood,474.0,Myntra,8.474133333333333,6.163314804034641
REMAINING,Kids 5-Pcs Wooden Shop & Roll Grocery Set,Pretend Play,Wood,1490.0,Myntra,5.0,7.307202314764738
REMAINING,Wooden Multicolored Marshall's Fire Station Pretend Play Toy Set,Pretend Play,Wood,5500.0,Myntra,8.474133333333333,8.612685172875459
REMAINING,shumee Kids Yellow Lil Chef's Wooden Cooking Set,Pretend Play,Wood,1599.0,Myntra,8.474133333333333,7.3777589082278725
REMAINING,BAESD Kids Pack of 2 Wooden Block Puzzle Activity Toys and Games,Puzzle,Wood,599.0,Myntra,8.474133333333333,6.396929655216146
REMAINING,DeoDap Wooden Tumbling Tower Block Puzzle,Puzzle,Wood,999.0,Myntra,8.474133333333333,6.907755278982137
REMAINING,Jambuwala Enterprise India Map Wooden Puzzle Game,Puzzle,Wood,418.0,Myntra,8.474133333333333,6.037870919922137
REMAINING,Kids Maze Puzzle Wooden Toys,Puzzle,Wood,245.0,Myntra,8.474133333333333,5.5053315359323625
REMAINING,Kids Wooden Shape Sorting Board Fishing Puzzle Toys,Puzzle,Wood,1999.0,Myntra,8.474133333333333,7.600902459542082
REMAINING,Wembley Toys Kids Wooden Alphabetical Puzzle Board,Puzzle,Wood,699.0,Myntra,8.474133333333333,6.551080335043404
REMAINING,Wooden Number Knob Puzzle Toy Learning and Development Toys,Puzzle,Wood,351.0,Myntra,8.474133333333333,5.863631175598097
REMAINING,shumee Kids Set of 3 Wooden Shapes Peg Puzzle Activity Toy,Puzzle,Wood,1295.0,Myntra,8.474133333333333,7.16703787691222
REMAINING,Multicolored Flower Wooden & BPA Free Silicone Baby Teether,Rattle,Wood,440.0,Myntra,8.474133333333333,6.089044875446846
REMAINING,shumee Kids Wooden Fish Rattle,Rattle,Wood,545.0,Myntra,8.474133333333333,6.302618975744905
REMAINING,Ed-a-Mamma Wooden Toy Vehicles,Toy Vehicle,Wood,1999.0,Myntra,8.474133333333333,7.600902459542082
REMAINING,Kids Wooden Tractor Toys,Toy Vehicle,Wood,302.0,Myntra,8.474133333333333,5.713732805509369
REMAINING,LITTLE GINNIE Wooden Train Toy,Toy Vehicle,Wood,635.0,Myntra,8.474133333333333,6.455198563340122
REMAINING,Desi Toys Kids Pack of 10 Gilli Danda Outdoor Stick Game Wooden Toy,Traditional Game,Wood,3990.0,Myntra,8.474133333333333,8.291797105048733
REMAINING,Desi Toys Kids Pack of 10 Spinning Tops Wooden Toy Lattu Bhawra,Traditional Game,Wood,1990.0,Myntra,8.474133333333333,7.596392304064196
REMAINING,Desi Toys Kids Pack of 10 Wooden Toy Slingshot Traditional Gulel,Traditional Game,Wood,4990.0,Myntra,8.474133333333333,8.515391569469609
REMAINING,Funskool Traditional Lagori Game for 6+ Years,Traditional Game,Wooden blocks,296.0,Myntra,6.0,5.6937321388027
REMAINING,Wooden Grasping Beads in Natural Finish,Baby Grasping Toy,Engineered Wood,249.0,Pepperfry,8.474133333333333,5.521460917862246
REMAINING,Wooden Rolling Rattle in Natural Finish,Baby Rattle,Engineered Wood,599.0,Pepperfry,8.474133333333333,6.396929655216146
REMAINING,Rainbow Wooden Cube Building Blocks Set of 36 in Multicolour,Building Blocks,Mango Wood,1399.0,Pepperfry,8.474133333333333,7.24422751560335
REMAINING,Wooden Bench and Bridge Garden Toy,Miniature Toy,Wooden/handicraft item,599.0,Pepperfry,8.474133333333333,6.396929655216146
REMAINING,Set of 5 Red Wooden Hand Painted Stacking Nested Dolls,Nesting Doll Toy,Wood,399.0,Pepperfry,8.474133333333333,5.991464547107982
REMAINING,Wooden Handmade Crafted Green Color Doll Hand Painted - Nesting Doll Set of 5,Nesting Doll Toy,Wood,399.0,Pepperfry,8.474133333333333,5.991464547107982
REMAINING,Wooden Handmade Crafted Yellow Color Doll Hand Painted - Nesting Doll Set of 5,Nesting Doll Toy,Wood,399.0,Pepperfry,8.474133333333333,5.991464547107982
REMAINING,Small Wooden Houses Set of 15 in Multicolour,Open-ended Building Toy,Mango Wood,1299.0,Pepperfry,8.474133333333333,7.170119543449628
REMAINING,Push Walker in Blue Colour,Push/Walker Toy,Engineered Wood,3500.0,Pepperfry,8.474133333333333,8.160803920954665
REMAINING,Light Brown Engineered Wood 12 Pieces Bro Puzzle Gift Set,Puzzle,Engineered Wood,399.0,Pepperfry,12.0,5.991464547107982
REMAINING,Wooden Puzzle Leaf in Green Colour,Puzzle,Engineered Wood,999.0,Pepperfry,8.474133333333333,6.907755278982137
REMAINING,Hobby Horse Self Balance in Natural Wooden Finish,Role-play Toy,Engineered Wood,1380.0,Pepperfry,8.474133333333333,7.2305631534092925
REMAINING,Rainbow Stacker Set of 6 in Multicolour,Stacking Toy,Beech Wood,899.0,Pepperfry,8.474133333333333,6.802394763324311
REMAINING,Wooden Teethers-Treats in Natural Finish,Teether,Engineered Wood,599.0,Pepperfry,8.474133333333333,6.396929655216146
REMAINING,Blue Hand Carved Mango Wood Laughing Head Figurine,Wood Figurine,Mango Wood,2399.0,Pepperfry,8.474133333333333,7.783224016336037
REMAINING,Brown Hand Craved Mango Wood Elephant Figurine,Wood Figurine,Mango Wood,3499.0,Pepperfry,8.474133333333333,8.160518247477505
REMAINING,Couple Horse Set Of 2 Yellow Wood Figurine,Wood Figurine,Wood,4849.0,Pepperfry,8.474133333333333,8.48673398393153
REMAINING,Dearest Little Deer Brown Solid Wood (Set of 2) Figurines,Wood Figurine,Solid Wood,699.0,Pepperfry,8.474133333333333,6.551080335043404
REMAINING,Elephant Mango Wood Figurine,Wood Figurine,Solid Wood,1849.0,Pepperfry,8.474133333333333,7.52294091807237
REMAINING,Floral Elephant Mango Wood Figurine,Wood Figurine,Mango Wood,1849.0,Pepperfry,8.474133333333333,7.52294091807237
REMAINING,Grey Hand Carved Mango Wood Sleeping Head Figurine,Wood Figurine,Mango Wood,2449.0,Pepperfry,8.474133333333333,7.803843303538772
REMAINING,Handcrafted Elephant Black Wood Figurine,Wood Figurine,Wood,4149.0,Pepperfry,8.474133333333333,8.330863613224745
REMAINING,Horse Head Black Wood Figurine,Wood Figurine,Wood,4149.0,Pepperfry,8.474133333333333,8.330863613224745
REMAINING,Orange Hand Carved Mango Wood Sleeping Head Figurine,Wood Figurine,Mango Wood,2449.0,Pepperfry,8.474133333333333,7.803843303538772
REMAINING,Poise of Purity Brown Solid Wood Figurine,Wood Figurine,Solid Wood,799.0,Pepperfry,8.474133333333333,6.684611727667927
REMAINING,Red Hand Carved Mango Wood Laughing Head Figurine,Wood Figurine,Mango Wood,2299.0,Pepperfry,8.474133333333333,7.7406644019172415
REMAINING,Rolling The Trump Brown Solid Wood (Set of 3) Figurines,Wood Figurine,Solid Wood,1349.0,Pepperfry,8.474133333333333,7.2078598714324755
REMAINING,Spirited Rider Brown Solid Wood (Set of 2) Figurines,Wood Figurine,Solid Wood,1049.0,Pepperfry,8.474133333333333,6.956545443151569
REMAINING,The Dance Of Color Grace Brown Solid Wood Figurine,Wood Figurine,Solid Wood,1099.0,Pepperfry,8.474133333333333,7.003065458786462
REMAINING,The Mama and Ba,Wood Figurine,Solid Wood,599.0,Pepperfry,8.474133333333333,6.396929655216146
REMAINING,Vintage Hand Carved Mango Wood Laughing Head Figurine,Wood Figurine,Mango Wood,2449.0,Pepperfry,8.474133333333333,7.803843303538772
REMAINING,Yellow Wooden Savitri and Shiva Idol,Wood Figurine/Idol,Wood,7399.0,Pepperfry,8.474133333333333,8.909235279192261
